,PID
0,5cf4949170036500157cd383
1,5a9ea9fe1ade740001b92063
2,600606925db9c892b3939202
3,61718d5a91c07b60dcc57a8e
4,5f68ab4c63355d0008d69ab5
5,611babe081137b57fb423693
6,5b4e147ad4c93b00019c9e01
7,62b33a5e37ff2b46fba512e3
8,615c453806ba1a372800c832
9,59de4ee5d838ae0001850567
10,5a8d9bd3eea3d300016eb7f9
11,5af74339e19f8c00019e5bb1
12,5f69f8a030340e0162eb8c76
13,6148a15571fc73becd361f1b
14,58eec4b09fbdde00011e95b0
15,5fc8d127db88a129e6d0130a
16,6310ccbda708843d8c079b6d
17,61268bfae35dcb011f6081b5
18,62a4d721a9d118a25be1ed3f
19,5d6e570e8c129300166dba20
20,5d0913ff65eb3400019cc1d8
21,5bc5f36b8d83e10001724601
22,63792c65e92e706fdb44c08a
23,58fa36995214e3000193281c
24,6266a4e5846e1e41812a0432
25,5c879d4aeceaa40015d3f5c6
26,5e7cd24ec2ca3306c380b2e1
27,5950fb26ad2ce90001b87bc4
28,54240de1fdf99b691fb383a8
29,5b7bf6c98c721a00015d1feb
30,5a6725d4c0d836000107f6e7
31,5d4310bbd8e961001b825ca4
32,613a415ae2f1292f97385a12
33,63862402dfdb1803712bccc2
34,59de66cac0d35a0001294c46
35,62e2941c77df84f1f901afd3
36,5ee0edcb962eba464f486b40
37,5b91a7f012fa940001a30997
38,63d55a0ed568b46c67fd96fe
39,60deb63539c4fb727e50bd52
40,6229de2e4db607c098f60d39
41,629f2d6a8d790f69182e8b3e
42,5b2c9b165b5c0900018b45ef
43,60e85190b9cffd8fed0a064f
44,6078af12106ee122215504da
45,5ddd631f063ebd000dbe0687
46,63d3fbf6aca63e00ed85d00a
47,61687ebcd2a35ffb762d1928
48,59bd33823c45a10001ccca27
49,60ad5e41e09138d7c9827f4e
50,6162b219ce146c3f929c5c4c
51,63e51e7aecab96d2000c7278
52,6382b72aed06259fad6fb159
53,594bbc60a2356e000171d35d
54,6154a4a9767d18966bbccd82
