,rating
0,6.042997217785835
1,6.042997217785835
2,6.042997217785835
3,6.042997217785835
4,6.042997217785835
5,6.042997217785835
6,6.042997217785835
7,6.042997217785835
8,6.042997217785835
9,6.042997217785835
10,6.042997217785835
11,6.042997217785835
12,6.042997217785835
13,6.042997217785835
14,6.042997217785835
15,6.042997217785835
16,5.961833883588234
17,5.955340816852442
18,5.940731416696897
19,5.937160229992209
20,5.92092756315269
21,5.911512616385787
22,5.910863309712207
23,5.90274697629245
24,5.90274697629245
25,5.90274697629245
26,5.90274697629245
27,5.90274697629245
28,5.90274697629245
29,5.90274697629245
30,5.90274697629245
31,5.90274697629245
32,5.90274697629245
33,5.90274697629245
34,5.897657249786641
35,5.893981336199113
36,5.891059456167994
37,5.883592429421815
38,5.87645005601244
39,5.875775776005246
40,5.867684415919104
41,5.867684415919104
42,5.867684415919104
43,5.8596810053990795
44,5.858918775825767
45,5.858918775825767
46,5.850883605740204
47,5.850153135732431
48,5.850153135732431
49,5.850153135732431
50,5.850153135732431
51,5.850153135732431
52,5.850153135732431
53,5.850153135732431
54,5.850153135732431
55,5.850153135732431
56,5.850153135732431
57,5.850153135732431
58,5.850153135732431
59,5.850153135732431
60,5.850153135732431
61,5.850153135732431
62,5.850153135732431
63,5.850153135732431
64,5.850153135732431
65,5.850153135732431
66,5.850153135732431
67,5.850153135732431
68,5.850153135732431
69,5.850153135732431
70,5.850153135732431
71,5.850153135732431
72,5.850153135732431
73,5.850153135732431
74,5.850153135732431
75,5.850153135732431
76,5.850153135732431
77,5.850153135732431
78,5.850153135732431
79,5.850153135732431
80,5.850153135732431
81,5.850153135732431
82,5.850153135732431
83,5.850153135732431
84,5.850153135732431
85,5.850153135732431
86,5.850153135732431
87,5.850153135732431
88,5.850153135732431
89,5.850153135732431
90,5.850153135732431
91,5.850153135732431
92,5.850153135732431
93,5.850153135732431
94,5.850153135732431
95,5.850153135732431
96,5.850153135732431
97,5.850153135732431
98,5.850153135732431
99,5.850153135732431
100,5.850153135732431
101,5.850153135732431
102,5.850153135732431
103,5.850153135732431
104,5.850153135732431
105,5.850153135732431
106,5.850153135732431
107,5.850153135732431
108,5.850153135732431
109,5.850153135732431
110,5.850153135732431
111,5.850153135732431
112,5.850153135732431
113,5.850153135732431
114,5.850153135732431
115,5.850153135732431
116,5.850153135732431
117,5.850153135732431
118,5.850153135732431
119,5.850153135732431
120,5.850153135732431
121,5.850153135732431
122,5.850153135732431
123,5.850153135732431
124,5.850153135732431
125,5.850153135732431
126,5.850153135732431
127,5.850153135732431
128,5.850153135732431
129,5.850153135732431
130,5.850153135732431
131,5.850153135732431
132,5.850153135732431
133,5.850153135732431
134,5.850153135732431
135,5.850153135732431
136,5.850153135732431
137,5.850153135732431
138,5.850153135732431
139,5.850153135732431
140,5.850153135732431
141,5.850153135732431
142,5.850153135732431
143,5.850153135732431
144,5.850153135732431
145,5.850153135732431
146,5.850153135732431
147,5.850153135732431
148,5.850153135732431
149,5.850153135732431
150,5.850153135732431
151,5.850153135732431
152,5.850153135732431
153,5.850153135732431
154,5.850153135732431
155,5.850153135732431
156,5.850153135732431
157,5.850153135732431
158,5.850153135732431
159,5.850153135732431
160,5.850153135732431
161,5.850153135732431
162,5.849527018582907
163,5.841700554213846
164,5.841387495639094
165,5.841387495639094
166,5.841387495639094
167,5.841387495639094
168,5.841387495639094
169,5.841387495639094
170,5.841387495639094
171,5.841387495639094
172,5.841387495639094
173,5.841387495639094
174,5.841387495639094
175,5.841387495639094
176,5.841387495639094
177,5.841387495639094
178,5.841387495639094
179,5.841387495639094
180,5.841387495639094
181,5.841387495639094
182,5.841387495639094
183,5.841387495639094
184,5.841387495639094
185,5.841387495639094
186,5.841387495639094
187,5.841387495639094
188,5.841387495639094
189,5.841387495639094
190,5.841387495639094
191,5.841387495639094
192,5.841387495639094
193,5.841387495639094
194,5.841387495639094
195,5.841387495639094
196,5.841387495639094
197,5.841387495639094
198,5.841387495639094
199,5.841387495639094
200,5.841387495639094
201,5.841387495639094
202,5.841387495639094
203,5.841387495639094
204,5.841387495639094
205,5.841387495639094
206,5.841387495639094
207,5.841387495639094
208,5.841387495639094
209,5.841387495639094
210,5.841387495639094
211,5.841387495639094
212,5.841387495639094
213,5.841387495639094
214,5.841387495639094
215,5.841387495639094
216,5.841387495639094
217,5.841387495639094
218,5.841387495639094
219,5.841387495639094
220,5.841387495639094
221,5.841387495639094
222,5.841387495639094
223,5.841387495639094
224,5.841387495639094
225,5.841387495639094
226,5.841387495639094
227,5.841387495639094
228,5.841387495639094
229,5.841387495639094
230,5.841387495639094
231,5.841387495639094
232,5.841387495639094
233,5.841387495639094
234,5.841387495639094
235,5.841387495639094
236,5.841387495639094
237,5.841387495639094
238,5.841387495639094
239,5.841387495639094
240,5.841387495639094
241,5.841387495639094
242,5.841387495639094
243,5.841387495639094
244,5.841387495639094
245,5.841387495639094
246,5.841387495639094
247,5.841387495639094
248,5.841387495639094
249,5.841387495639094
250,5.841387495639094
251,5.841387495639094
252,5.841387495639094
253,5.841387495639094
254,5.841387495639094
255,5.841387495639094
256,5.841387495639094
257,5.841387495639094
258,5.841387495639094
259,5.841387495639094
260,5.841387495639094
261,5.841387495639094
262,5.841387495639094
263,5.841387495639094
264,5.841387495639094
265,5.841387495639094
266,5.841387495639094
267,5.841387495639094
268,5.841387495639094
269,5.841387495639094
270,5.841387495639094
271,5.841387495639094
272,5.841387495639094
273,5.841387495639094
274,5.841387495639094
275,5.841387495639094
276,5.841387495639094
277,5.841387495639094
278,5.841387495639094
279,5.841387495639094
280,5.841387495639094
281,5.841387495639094
282,5.841387495639094
283,5.841387495639094
284,5.841387495639094
285,5.841387495639094
286,5.841387495639094
287,5.841387495639094
288,5.841387495639094
289,5.841387495639094
290,5.841387495639094
291,5.841387495639094
292,5.841387495639094
293,5.841387495639094
294,5.841387495639094
295,5.841387495639094
296,5.841387495639094
297,5.841387495639094
298,5.841387495639094
299,5.841387495639094
300,5.841387495639094
301,5.841387495639094
302,5.841387495639094
303,5.841387495639094
304,5.841387495639094
305,5.841387495639094
306,5.841387495639094
307,5.841387495639094
308,5.841387495639094
309,5.841387495639094
310,5.841387495639094
311,5.841387495639094
312,5.841387495639094
313,5.841387495639094
314,5.841387495639094
315,5.841387495639094
316,5.841387495639094
317,5.841387495639094
318,5.841387495639094
319,5.841387495639094
320,5.841387495639094
321,5.841387495639094
322,5.841387495639094
323,5.841387495639094
324,5.841387495639094
325,5.841387495639094
326,5.841387495639094
327,5.841387495639094
328,5.841387495639094
329,5.841387495639094
330,5.841387495639094
331,5.841387495639094
332,5.841387495639094
333,5.841387495639094
334,5.841387495639094
335,5.841387495639094
336,5.841387495639094
337,5.841387495639094
338,5.841387495639094
339,5.841387495639094
340,5.841387495639094
341,5.841387495639094
342,5.841387495639094
343,5.841387495639094
344,5.841387495639094
345,5.841387495639094
346,5.841387495639094
347,5.841387495639094
348,5.841387495639094
349,5.841387495639094
350,5.841387495639094
351,5.841387495639094
352,5.841387495639094
353,5.841387495639094
354,5.841387495639094
355,5.841387495639094
356,5.841387495639094
357,5.841387495639094
358,5.841387495639094
359,5.841387495639094
360,5.841387495639094
361,5.841387495639094
362,5.841387495639094
363,5.841387495639094
364,5.841387495639094
365,5.841387495639094
366,5.841387495639094
367,5.841387495639094
368,5.841387495639094
369,5.841387495639094
370,5.841387495639094
371,5.841387495639094
372,5.841387495639094
373,5.841387495639094
374,5.841387495639094
375,5.841387495639094
376,5.841387495639094
377,5.841387495639094
378,5.841387495639094
379,5.841387495639094
380,5.841387495639094
381,5.841387495639094
382,5.841387495639094
383,5.841387495639094
384,5.841387495639094
385,5.841387495639094
386,5.841387495639094
387,5.841387495639094
388,5.841387495639094
389,5.841387495639094
390,5.841387495639094
391,5.841387495639094
392,5.841387495639094
393,5.841387495639094
394,5.841387495639094
395,5.841387495639094
396,5.841387495639094
397,5.841387495639094
398,5.841387495639094
399,5.841387495639094
400,5.841387495639094
401,5.841387495639094
402,5.841387495639094
403,5.841387495639094
404,5.841387495639094
405,5.841387495639094
406,5.841387495639094
407,5.841387495639094
408,5.841387495639094
409,5.841387495639094
410,5.841387495639094
411,5.841387495639094
412,5.841387495639094
413,5.841387495639094
414,5.841387495639094
415,5.841387495639094
416,5.841387495639094
417,5.841387495639094
418,5.841387495639094
419,5.841387495639094
420,5.841387495639094
421,5.841387495639094
422,5.841387495639094
423,5.841387495639094
424,5.841387495639094
425,5.841387495639094
426,5.841387495639094
427,5.841387495639094
428,5.841387495639094
429,5.841387495639094
430,5.841387495639094
431,5.841387495639094
432,5.841387495639094
433,5.841387495639094
434,5.841387495639094
435,5.841387495639094
436,5.841387495639094
437,5.841387495639094
438,5.841387495639094
439,5.841387495639094
440,5.841387495639094
441,5.841387495639094
442,5.841387495639094
443,5.841387495639094
444,5.841387495639094
445,5.841387495639094
446,5.841387495639094
447,5.841387495639094
448,5.841387495639094
449,5.841387495639094
450,5.841387495639094
451,5.841387495639094
452,5.841387495639094
453,5.841387495639094
454,5.841387495639094
455,5.841387495639094
456,5.841387495639094
457,5.841387495639094
458,5.841387495639094
459,5.841387495639094
460,5.841387495639094
461,5.841387495639094
462,5.841387495639094
463,5.841387495639094
464,5.841387495639094
465,5.841387495639094
466,5.841387495639094
467,5.841387495639094
468,5.841387495639094
469,5.841387495639094
470,5.841387495639094
471,5.841387495639094
472,5.841387495639094
473,5.841387495639094
474,5.841387495639094
475,5.841387495639094
476,5.841387495639094
477,5.841387495639094
478,5.841387495639094
479,5.841387495639094
480,5.841387495639094
481,5.841387495639094
482,5.841387495639094
483,5.841387495639094
484,5.841387495639094
485,5.841387495639094
486,5.841387495639094
487,5.841387495639094
488,5.841387495639094
489,5.841387495639094
490,5.841387495639094
491,5.841387495639094
492,5.841387495639094
493,5.841387495639094
494,5.841387495639094
495,5.841387495639094
496,5.841387495639094
497,5.841387495639094
498,5.841387495639094
499,5.841387495639094
500,5.841387495639094
501,5.841387495639094
502,5.841387495639094
503,5.841387495639094
504,5.841387495639094
505,5.841387495639094
506,5.841387495639094
507,5.841387495639094
508,5.841387495639094
509,5.841387495639094
510,5.841387495639094
511,5.841387495639094
512,5.841387495639094
513,5.841387495639094
514,5.841387495639094
515,5.841387495639094
516,5.841387495639094
517,5.841387495639094
518,5.841387495639094
519,5.841387495639094
520,5.841387495639094
521,5.841387495639094
522,5.841387495639094
523,5.841387495639094
524,5.841387495639094
525,5.841387495639094
526,5.841387495639094
527,5.841387495639094
528,5.841387495639094
529,5.841387495639094
530,5.841387495639094
531,5.841387495639094
532,5.841387495639094
533,5.841387495639094
534,5.841387495639094
535,5.841387495639094
536,5.841387495639094
537,5.841387495639094
538,5.841387495639094
539,5.841387495639094
540,5.841387495639094
541,5.841387495639094
542,5.841387495639094
543,5.841387495639094
544,5.841387495639094
545,5.841387495639094
546,5.841387495639094
547,5.841387495639094
548,5.841387495639094
549,5.841387495639094
550,5.841387495639094
551,5.841387495639094
552,5.841387495639094
553,5.841387495639094
554,5.841387495639094
555,5.841387495639094
556,5.841387495639094
557,5.841387495639094
558,5.841387495639094
559,5.841387495639094
560,5.841387495639094
561,5.841387495639094
562,5.841387495639094
563,5.841387495639094
564,5.841387495639094
565,5.841387495639094
566,5.841387495639094
567,5.841387495639094
568,5.841387495639094
569,5.841387495639094
570,5.841387495639094
571,5.841387495639094
572,5.841387495639094
573,5.841387495639094
574,5.841387495639094
575,5.841387495639094
576,5.841387495639094
577,5.841387495639094
578,5.841387495639094
579,5.841387495639094
580,5.841387495639094
581,5.841387495639094
582,5.841387495639094
583,5.841387495639094
584,5.841387495639094
585,5.841387495639094
586,5.841387495639094
587,5.841387495639094
588,5.841387495639094
589,5.841387495639094
590,5.841387495639094
591,5.841387495639094
592,5.841387495639094
593,5.841387495639094
594,5.841387495639094
595,5.841387495639094
596,5.841387495639094
597,5.841387495639094
598,5.841387495639094
599,5.841387495639094
600,5.841387495639094
601,5.841387495639094
602,5.841387495639094
603,5.841387495639094
604,5.841387495639094
605,5.841387495639094
606,5.841387495639094
607,5.841387495639094
608,5.841387495639094
609,5.841387495639094
610,5.841387495639094
611,5.841387495639094
612,5.841387495639094
613,5.841387495639094
614,5.841387495639094
615,5.841387495639094
616,5.841387495639094
617,5.841387495639094
618,5.841387495639094
619,5.841387495639094
620,5.841387495639094
621,5.841387495639094
622,5.841387495639094
623,5.841387495639094
624,5.841387495639094
625,5.841387495639094
626,5.841387495639094
627,5.841387495639094
628,5.841387495639094
629,5.841387495639094
630,5.841387495639094
631,5.841387495639094
632,5.841387495639094
633,5.841387495639094
634,5.841387495639094
635,5.841387495639094
636,5.841387495639094
637,5.841387495639094
638,5.841387495639094
639,5.841387495639094
640,5.841387495639094
641,5.841387495639094
642,5.841387495639094
643,5.841387495639094
644,5.841387495639094
645,5.841387495639094
646,5.841387495639094
647,5.841387495639094
648,5.841387495639094
649,5.841387495639094
650,5.841387495639094
651,5.841387495639094
652,5.841387495639094
653,5.841387495639094
654,5.841387495639094
655,5.841387495639094
656,5.841387495639094
657,5.841387495639094
658,5.841387495639094
659,5.841387495639094
660,5.841387495639094
661,5.841387495639094
662,5.841387495639094
663,5.841387495639094
664,5.841387495639094
665,5.841387495639094
666,5.841387495639094
667,5.841387495639094
668,5.841387495639094
669,5.841387495639094
670,5.841387495639094
671,5.841387495639094
672,5.841387495639094
673,5.841387495639094
674,5.841387495639094
675,5.841387495639094
676,5.841387495639094
677,5.841387495639094
678,5.841387495639094
679,5.841387495639094
680,5.841387495639094
681,5.841387495639094
682,5.841387495639094
683,5.841387495639094
684,5.841387495639094
685,5.841387495639094
686,5.841387495639094
687,5.841387495639094
688,5.841387495639094
689,5.841387495639094
690,5.841387495639094
691,5.841387495639094
692,5.841387495639094
693,5.841387495639094
694,5.841387495639094
695,5.841387495639094
696,5.841387495639094
697,5.841387495639094
698,5.841387495639094
699,5.841387495639094
700,5.841387495639094
701,5.841387495639094
702,5.841387495639094
703,5.841387495639094
704,5.841387495639094
705,5.841387495639094
706,5.841387495639094
707,5.841387495639094
708,5.841387495639094
709,5.841387495639094
710,5.841387495639094
711,5.841387495639094
712,5.841387495639094
713,5.841387495639094
714,5.841387495639094
715,5.841387495639094
716,5.841387495639094
717,5.841387495639094
718,5.841387495639094
719,5.841387495639094
720,5.841387495639094
721,5.841387495639094
722,5.841387495639094
723,5.841387495639094
724,5.841387495639094
725,5.841387495639094
726,5.841387495639094
727,5.841387495639094
728,5.841387495639094
729,5.841387495639094
730,5.841387495639094
731,5.841387495639094
732,5.841387495639094
733,5.841387495639094
734,5.841387495639094
735,5.841387495639094
736,5.841387495639094
737,5.841387495639094
738,5.841387495639094
739,5.841387495639094
740,5.841387495639094
741,5.841387495639094
742,5.841387495639094
743,5.841387495639094
744,5.841387495639094
745,5.841387495639094
746,5.841387495639094
747,5.841387495639094
748,5.841387495639094
749,5.841387495639094
750,5.841387495639094
751,5.841387495639094
752,5.841387495639094
753,5.841387495639094
754,5.841387495639094
755,5.841387495639094
756,5.841387495639094
757,5.841387495639094
758,5.841387495639094
759,5.841387495639094
760,5.841387495639094
761,5.841387495639094
762,5.841387495639094
763,5.841387495639094
764,5.841387495639094
765,5.841387495639094
766,5.841387495639094
767,5.841387495639094
768,5.841387495639094
769,5.841387495639094
770,5.841387495639094
771,5.841387495639094
772,5.841387495639094
773,5.841387495639094
774,5.841387495639094
775,5.841387495639094
776,5.841387495639094
777,5.841387495639094
778,5.841387495639094
779,5.841387495639094
780,5.841387495639094
781,5.841387495639094
782,5.841387495639094
783,5.841387495639094
784,5.841387495639094
785,5.841387495639094
786,5.841387495639094
787,5.841387495639094
788,5.841387495639094
789,5.841387495639094
790,5.841387495639094
791,5.841387495639094
792,5.841387495639094
793,5.841387495639094
794,5.841387495639094
795,5.841387495639094
796,5.841387495639094
797,5.841387495639094
798,5.841387495639094
799,5.841387495639094
800,5.841387495639094
801,5.841387495639094
802,5.841387495639094
803,5.841387495639094
804,5.841387495639094
805,5.841387495639094
806,5.841387495639094
807,5.841387495639094
808,5.841387495639094
809,5.841387495639094
810,5.841387495639094
811,5.841387495639094
812,5.841387495639094
813,5.841387495639094
814,5.841387495639094
815,5.841387495639094
816,5.841387495639094
817,5.841387495639094
818,5.841387495639094
819,5.841387495639094
820,5.841387495639094
821,5.841387495639094
822,5.841387495639094
823,5.841387495639094
824,5.841387495639094
825,5.841387495639094
826,5.841387495639094
827,5.841387495639094
828,5.841387495639094
829,5.841387495639094
830,5.841387495639094
831,5.841387495639094
832,5.841387495639094
833,5.841387495639094
834,5.841387495639094
835,5.841387495639094
836,5.841387495639094
837,5.841387495639094
838,5.841387495639094
839,5.841387495639094
840,5.841387495639094
841,5.841387495639094
842,5.841387495639094
843,5.841387495639094
844,5.841387495639094
845,5.841387495639094
846,5.841387495639094
847,5.841387495639094
848,5.841387495639094
849,5.841387495639094
850,5.841387495639094
851,5.841387495639094
852,5.841387495639094
853,5.841387495639094
854,5.841387495639094
855,5.841387495639094
856,5.841387495639094
857,5.841387495639094
858,5.841387495639094
859,5.841387495639094
860,5.841387495639094
861,5.841387495639094
862,5.841387495639094
863,5.841387495639094
864,5.841387495639094
865,5.841387495639094
866,5.841387495639094
867,5.841387495639094
868,5.841387495639094
869,5.841387495639094
870,5.841387495639094
871,5.841387495639094
872,5.841387495639094
873,5.841387495639094
874,5.841387495639094
875,5.841387495639094
876,5.841387495639094
877,5.841387495639094
878,5.841387495639094
879,5.841387495639094
880,5.841387495639094
881,5.841387495639094
882,5.841387495639094
883,5.841387495639094
884,5.841387495639094
885,5.841387495639094
886,5.841387495639094
887,5.841387495639094
888,5.841387495639094
889,5.841387495639094
890,5.841387495639094
891,5.841387495639094
892,5.841387495639094
893,5.841387495639094
894,5.841387495639094
895,5.841387495639094
896,5.841387495639094
897,5.841387495639094
898,5.841387495639094
899,5.841387495639094
900,5.841387495639094
901,5.841387495639094
902,5.846709491410058
903,5.855266425786886
904,5.867986679370612
905,5.89073480283125
906,5.914668246819398
907,5.929043896572469
908,5.949131821786364
909,5.960177032076389
910,5.974541742771214
911,5.987247746792224
912,5.9991690173191525
913,6.001441590676691
914,6.012804457464376
915,6.035205537702883
916,6.043279980369492
917,6.050349044960903
918,6.074629745079216
919,6.085476858238165
920,6.105233262448555
921,6.124342357852013
922,6.141873638038687
923,6.167529759801556
924,6.191662473768836
925,6.218310019652565
926,6.243438187920138
927,6.263761486803241
928,6.295948546193595
929,6.321744572753962
930,6.340232104587177
931,6.3634690195982335
932,6.385587651433755
933,6.402086198161155
934,6.41115410170597
935,6.4212683018137096
936,6.4437622828532
937,6.4624957079669585
938,6.476583343831243
939,6.487122982514907
940,6.5024628526782635
941,6.519968944243965
942,6.534635292586016
943,6.543987263120387
944,6.553427183220907
945,6.569697852959365
946,6.579162203494936
947,6.586466903572701
948,6.587071430475718
949,6.6021846030504365
950,6.603998183759373
951,6.6114652105055525
952,6.6204337589343805
953,6.628946544025039
954,6.630295104039384
955,6.637182392684158
956,6.639761995340188
957,6.6565920243193935
958,6.6565920243193935
959,6.663479312964161
960,6.672297129486622
961,6.6741233045060655
962,6.679854684567105
963,6.682888944599402
964,6.682888944599402
965,6.682888944599402
966,6.682888944599402
967,6.682888944599402
968,6.682888944599402
969,6.682888944599402
970,6.682888944599402
971,6.682888944599402
972,6.682888944599402
973,6.682888944599402
974,6.682888944599402
975,6.682888944599402
976,6.682888944599402
977,6.682888944599402
978,6.682888944599402
979,6.6776295605433935
980,6.665983781562238
981,6.648969728586034
982,6.635433582714773
983,6.630295104039384
984,6.628302913109066
985,6.6183419584575445
986,6.609055283813206
987,6.600491927722022
988,6.592404917829464
989,6.586466903572701
990,6.585704673999363
991,6.575104036785017
992,6.559495703285511
993,6.551102079747845
994,6.543545493460486
995,6.5357514144612425
996,6.533873063012681
997,6.520724602872655
998,6.504204742696748
999,6.494003538717175
1000,6.482009692460422
1001,6.468130762312647
1002,6.4600720286784545
1003,6.446216662079321
1004,6.424976841853157
1005,6.413176941727479
1006,6.399758769584623
1007,6.388428368130639
1008,6.35856026114595
1009,6.353885253096169
1010,6.3246664527850225
1011,6.314732060679252
1012,6.299079131941163
1013,6.2779163722872315
1014,6.2522768750142115
1015,6.238971885586854
1016,6.2267733962944
1017,6.209925494345874
1018,6.192919889727009
1019,6.174794877760604
1020,6.152743031754384
1021,6.1373964187909795
1022,6.1283468713261975
1023,6.110762358507364
1024,6.0920848023085075
1025,6.080981658190272
1026,6.067301947135532
1027,6.054684737910264
1028,6.040452354532924
1029,6.032283657671743
1030,6.015969827498024
1031,5.99851971064556
1032,5.9904033772257765
1033,5.969196183451577
1034,5.957166991871899
1035,5.94365329672801
1036,5.937809536665797
1037,5.915895436432425
1038,5.910782146378001
1039,5.900643222670032
1040,5.884072351745761
1041,5.874989115996877
1042,5.867684415919057
1043,5.8423989156498255
1044,5.823856215452412
1045,5.816787150861012
1046,5.8017668024171805
1047,5.777573635759579
1048,5.764856714824192
1049,5.756652974736837
1050,5.747052511777469
1051,5.731979321140773
1052,5.72743417442572
1053,5.713149427606939
1054,5.7004067841379245
1055,5.683605973959037
1056,5.683605973959037
1057,5.667423253786699
1058,5.656958428075278
1059,5.648178178581797
1060,5.639777773492353
1061,5.639777773492353
1062,5.631362759002746
1063,5.617439529383523
1064,5.607637093150115
1065,5.599105203459261
1066,5.595949573025671
1067,5.589456506289854
1068,5.580323866772323
1069,5.572373023809105
1070,5.562974069817401
1071,5.553874500577648
1072,5.5521213725589895
1073,5.5521213725589895
1074,5.551182196834698
1075,5.543355732465653
1076,5.534590092372308
1077,5.526473758952548
1078,5.525824452278979
1079,5.5205024565080185
1080,5.512513665470573
1081,5.508293172092306
1082,5.502715037487453
1083,5.49952753199897
1084,5.49952753199897
1085,5.491436171912798
1086,5.490761891905633
1087,5.483681951830232
1088,5.481615137025613
1089,5.472256651708583
1090,5.464464971625624
1091,5.463734501617833
1092,5.455699331532288
1093,5.454076064848333
1094,5.446933691438951
1095,5.445531189024009
1096,5.43681949133124
1097,5.428350534441067
1098,5.420636771158941
1099,5.419013504474979
1100,5.411871131065604
1101,5.411871131065604
1102,5.411472692879534
1103,5.403105490972267
1104,5.402456184298673
1105,5.39433985087893
1106,5.39433985087893
1107,5.39433985087893
1108,5.388496090816695
1109,5.385574210785595
1110,5.385574210785595
1111,5.385574210785595
1112,5.385574210785595
1113,5.385574210785595
1114,5.385574210785595
1115,5.385574210785595
1116,5.385574210785595
1117,5.385574210785595
1118,5.385574210785595
1119,5.385574210785595
1120,5.385574210785595
1121,5.385574210785595
1122,5.389957030832269
1123,5.39823569092042
1124,5.40936666246752
1125,5.428306706240616
1126,5.449530918133276
1127,5.459205587569636
1128,5.473961081726774
1129,5.492164394320596
1130,5.509545406391362
1131,5.525198335129485
1132,5.5336161323619475
1133,5.547889684238073
1134,5.5521213725589895
1135,5.564211910618789
1136,5.583009818602202
1137,5.592839184605462
1138,5.606620787052349
1139,5.619578689799021
1140,5.634383533434931
1141,5.639777773492353
1142,5.6485434135857
1143,5.663377573743662
1144,5.677762213896819
1145,5.683605973959037
1146,5.685868074628287
1147,5.693774116467308
1148,5.710665123812388
1149,5.720017094346744
1150,5.72743417442572
1151,5.730356054456834
1152,5.739234074551371
1153,5.744965454612393
1154,5.751010723642297
1155,5.764444654819818
1156,5.77243112690486
1157,5.779735826982632
1158,5.7800280149857395
1159,5.793932133754491
1160,5.804498760246305
1161,5.814673163926088
1162,5.823505589848693
1163,5.8249519204640885
1164,5.834883956215008
1165,5.849022085397832
1166,5.857105195116817
1167,5.865087189224789
1168,5.867684415919104
1169,5.87331947026483
1170,5.87645005601244
1171,5.881198111062997
1172,5.889306328149337
1173,5.893981336199113
1174,5.898364156245773
1175,5.9076557347447265
1176,5.911512616385787
1177,5.911512616385787
1178,5.914330143558653
1179,5.920278256479124
1180,5.923200136510242
1181,5.931965776603582
1182,5.937809536665797
1183,5.937809536665797
1184,5.941180936701703
1185,5.949497056790252
1186,5.955340816852469
1187,5.955340816852469
1188,5.955340816852469
1189,5.95534081685248
1190,5.963167281221525
1191,5.964106456945806
1192,5.970599523681623
1193,5.972872097039143
1194,5.979446327109156
1195,5.981637737132479
1196,5.988316320060749
1197,5.990403377225816
1198,5.997342842299714
1199,5.9991690173191525
1200,5.9991690173191525
1201,5.9991690173191525
1202,5.9991690173191525
1203,6.0046097594460655
1204,6.007934657412489
1205,6.007934657412489
1206,6.011610571000024
1207,6.016700297505826
1208,6.016700297505826
1209,6.016700297505826
1210,6.021481555738557
1211,6.025465937599162
1212,6.025465937599162
1213,6.025465937599162
1214,6.025465937599162
1215,6.025465937599162
1216,6.025465937599162
1217,6.025465937599162
1218,6.025465937599162
1219,6.025465937599162
1220,6.025465937599162
1221,6.025465937599162
1222,6.025465937599162
1223,6.025465937599162
1224,6.025465937599162
1225,6.025465937599162
1226,6.025465937599162
1227,6.009687785431126
1228,5.9991690173191525
1229,5.983753581292909
1230,5.963375986938003
1231,5.945114236743552
1232,5.932752436611939
1233,5.924661076525797
1234,5.916834612156747
1235,5.908915389691451
1236,5.90274697629245
1237,5.900409472267553
1238,5.885800072111977
1239,5.877124336019611
1240,5.8689830292662535
1241,5.867684415919104
1242,5.8620291642459765
1243,5.854373629110694
1244,5.850153135732431
1245,5.839634367620411
1246,5.832621855545757
1247,5.826453442146736
1248,5.823856215452421
1249,5.817908102531934
1250,5.8150905753590845
1251,5.809022055294451
1252,5.80011594019962
1253,5.797559295172412
1254,5.793338801794133
1255,5.782572878238631
1256,5.7712623748924035
1257,5.7712623748924035
1258,5.7712623748924035
1259,5.771262374892392
1260,5.763435910523348
1261,5.752635389694059
1262,5.744965454612393
1263,5.74355164169411
1264,5.736482577102711
1265,5.736199814519056
1266,5.7288951144412685
1267,5.72743417442572
1268,5.720291801016329
1269,5.7113638342545965
1270,5.709902894239047
1271,5.704813167733224
1272,5.6967544340990255
1273,5.688301852580455
1274,5.683605973959037
1275,5.683605973959037
1276,5.683605973959037
1277,5.6787697587351245
1278,5.674840333865701
1279,5.669108953804665
1280,5.666074693772364
1281,5.6593318937005535
1282,5.650067872732344
1283,5.64854341358569
1284,5.6421377535174715
1285,5.639777773492353
1286,5.639777773492353
1287,5.639777773492353
1288,5.634337031365442
1289,5.631012133399018
1290,5.625295411599006
1291,5.622246493305681
1292,5.622246493305681
1293,5.622246493305681
1294,5.618594143266781
1295,5.613480853212344
1296,5.611289443189004
1297,5.604715213119008
1298,5.604715213119008
1299,5.604040933111814
1300,5.595949573025671
1301,5.595949573025671
1302,5.595949573025671
1303,5.595949573025671
1304,5.595949573025671
1305,5.587582371118386
1306,5.5871839329323345
1307,5.580441132860529
1308,5.5784182928389985
1309,5.5740354727923185
1310,5.569652652745662
1311,5.569652652745662
1312,5.569652652745662
1313,5.569652652745662
1314,5.5655828912737455
1315,5.560887012652325
1316,5.560887012652325
1317,5.560887012652325
1318,5.55937569539485
1319,5.5521213725589895
1320,5.5521213725589895
1321,5.5521213725589895
1322,5.5521213725589895
1323,5.5521213725589895
1324,5.5521213725589895
1325,5.5521213725589895
1326,5.5521213725589895
1327,5.5521213725589895
1328,5.5521213725589895
1329,5.550076056537201
1330,5.543355732465653
1331,5.543355732465653
1332,5.543355732465653
1333,5.543355732465653
1334,5.537511972403418
1335,5.534590092372316
1336,5.534590092372316
1337,5.534590092372316
1338,5.534590092372316
1339,5.534590092372316
1340,5.534590092372316
1341,5.534590092372316
1342,5.5321719847603505
1343,5.525824452278979
1344,5.525824452278979
1345,5.525824452278979
1346,5.525824452278979
1347,5.525824452278979
1348,5.525824452278979
1349,5.523708608118506
1350,5.517058812185642
1351,5.517058812185642
1352,5.517058812185642
1353,5.517058812185642
1354,5.517058812185642
1355,5.517058812185642
1356,5.5098044893497695
1357,5.508293172092306
1358,5.508293172092306
1359,5.508293172092306
1360,5.508293172092306
1361,5.508293172092306
1362,5.508293172092306
1363,5.508293172092306
1364,5.508293172092306
1365,5.508293172092306
1366,5.508293172092306
1367,5.508293172092306
1368,5.508293172092306
1369,5.508293172092306
1370,5.508293172092306
1371,5.508293172092306
1372,5.508293172092306
1373,5.508293172092306
1374,5.508293172092306
1375,5.508293172092306
1376,5.508293172092306
1377,5.508293172092306
1378,5.508293172092306
1379,5.508293172092306
1380,5.508293172092306
1381,5.508293172092306
1382,5.508293172092306
1383,5.508293172092306
1384,5.508293172092306
1385,5.508293172092306
1386,5.508293172092306
1387,5.508293172092306
1388,5.508293172092306
1389,5.508293172092306
1390,5.508293172092306
1391,5.508293172092306
1392,5.508293172092306
1393,5.508293172092306
1394,5.508293172092306
1395,5.508293172092306
1396,5.508293172092306
1397,5.508293172092306
1398,5.508293172092306
1399,5.508293172092306
1400,5.508293172092306
1401,5.508293172092306
1402,5.508293172092306
1403,5.508293172092306
1404,5.508293172092306
1405,5.508293172092306
1406,5.508293172092306
1407,5.509127994958341
1408,5.518937163634226
1409,5.527847292300532
1410,5.5439818496151805
1411,5.551808313984242
1412,5.5521213725589895
1413,5.5594260726367875
1414,5.568890423172339
1415,5.578053057835118
1416,5.587534558536068
1417,5.59628671302927
1418,5.604715213119008
1419,5.604715213119029
1420,5.619324613274575
1421,5.628739560041491
1422,5.636647187744736
1423,5.639777773492353
1424,5.643951887822522
1425,5.659214627612384
1426,5.671269147161013
1427,5.679223153912376
1428,5.683605973959037
1429,5.692722239656124
1430,5.701137254145711
1431,5.711808468172393
1432,5.718668534332383
1433,5.724094882961608
1434,5.72743417442572
1435,5.734530168787004
1436,5.742774044589066
1437,5.744965454612393
1438,5.75015990800105
1439,5.7584510547560015
1440,5.7624967347990665
1441,5.769158621270018
1442,5.7712623748924035
1443,5.7712623748924035
1444,5.777106134954627
1445,5.7800280149857395
1446,5.784586147834277
1447,5.793973351497878
1448,5.797559295172412
1449,5.802307350222974
1450,5.806324935265748
1451,5.806324935265748
1452,5.811194735317613
1453,5.8150905753590845
1454,5.821496235427303
1455,5.823856215452421
1456,5.823856215452421
1457,5.823856215452421
1458,5.828994694127829
1459,5.832621855545757
1460,5.835426860375635
1461,5.841387495639094
1462,5.841387495639094
1463,5.8417246356427
1464,5.850153135732431
1465,5.850153135732431
1466,5.85254376484881
1467,5.858918775825767
1468,5.858918775825767
1469,5.864397300884111
1470,5.867684415919104
1471,5.867684415919104
1472,5.867684415919104
1473,5.867684415919104
1474,5.8703815359478275
1475,5.87645005601244
1476,5.87645005601244
1477,5.87676311458721
1478,5.8845895789562706
1479,5.885215696105776
1480,5.885215696105776
1481,5.892632776184755
1482,5.893981336199113
1483,5.893981336199113
1484,5.893981336199113
1485,5.893981336199113
1486,5.900555566269134
1487,5.90274697629245
1488,5.90274697629245
1489,5.90274697629245
1490,5.90274697629245
1491,5.90274697629245
1492,5.908489981870849
1493,5.911512616385787
1494,5.911512616385787
1495,5.911512616385787
1496,5.911512616385787
1497,5.911512616385787
1498,5.911512616385787
1499,5.911512616385787
1500,5.911512616385787
1501,5.911512616385787
1502,5.919603976471958
1503,5.920278256479124
1504,5.920278256479124
1505,5.920278256479124
1506,5.920278256479124
1507,5.920278256479124
1508,5.920278256479124
1509,5.920278256479124
1510,5.920278256479124
1511,5.920278256479124
1512,5.920278256479124
1513,5.920278256479124
1514,5.920278256479124
1515,5.920278256479124
1516,5.920278256479124
1517,5.920278256479124
1518,5.920278256479124
1519,5.920278256479124
1520,5.920278256479124
1521,5.920278256479124
1522,5.920278256479124
1523,5.920278256479124
1524,5.920278256479124
1525,5.920278256479124
1526,5.920278256479124
1527,5.920278256479124
1528,5.920278256479124
1529,5.916772000441776
1530,5.911512616385787
1531,5.911512616385787
1532,5.908173324921648
1533,5.898539469047639
1534,5.890354174781169
1535,5.882618469411441
1536,5.87645005601244
1537,5.874187955343184
1538,5.867684415919104
1539,5.867684415919104
1540,5.860321278240689
1541,5.858918775825767
1542,5.852439824452421
1543,5.842911954785744
1544,5.8410368700353565
1545,5.832621855545757
1546,5.8326218555457485
1547,5.824795391176704
1548,5.823856215452421
1549,5.823856215452421
1550,5.822395275436858
1551,5.8150905753590845
1552,5.8150905753590845
1553,5.8150905753590845
1554,5.807026186473205
1555,5.805528058893623
1556,5.797559295172412
1557,5.796909988498831
1558,5.7887936550790755
1559,5.7887936550790755
1560,5.78765031071906
1561,5.7800280149857395
1562,5.778567074970172
1563,5.7712623748924035
1564,5.7712623748924035
1565,5.7712623748924035
1566,5.7712623748924035
1567,5.7712623748924035
1568,5.770053321086416
1569,5.7624967347990665
1570,5.7624967347990665
1571,5.762496734799056
1572,5.753393954702131
1573,5.744965454612393
1574,5.744965454612393
1575,5.744965454612393
1576,5.744965454612384
1577,5.736849121192623
1578,5.736199814519056
1579,5.729057441109659
1580,5.72743417442572
1581,5.72743417442572
1582,5.72743417442572
1583,5.724187641057802
1584,5.7159714143036595
1585,5.707787050078585
1586,5.701137254145711
1587,5.700006203811081
1588,5.692937139219669
1589,5.6846173939697895
1590,5.683605973959037
1591,5.683605973959037
1592,5.683605973959037
1593,5.677031743889031
1594,5.674840333865701
1595,5.66834726712988
1596,5.666074693772364
1597,5.666074693772364
1598,5.660126580851884
1599,5.650934042702053
1600,5.64854341358569
1601,5.64854341358569
1602,5.641180275907278
1603,5.639777773492353
1604,5.639777773492353
1605,5.639777773492353
1606,5.639777773492353
1607,5.639777773492353
1608,5.634583320103697
1609,5.631012133399018
1610,5.627255430501869
1611,5.622246493305681
1612,5.622246493305681
1613,5.618389611664614
1614,5.613480853212344
1615,5.613480853212344
1616,5.613480853212344
1617,5.609098033165669
1618,5.604715213119008
1619,5.604715213119008
1620,5.6025238030956634
1621,5.595949573025671
1622,5.595949573025671
1623,5.595949573025671
1624,5.595949573025671
1625,5.595949573025671
1626,5.595949573025671
1627,5.591965191165046
1628,5.5871839329323345
1629,5.5871839329323345
1630,5.584486812903604
1631,5.5784182928389985
1632,5.576665164820318
1633,5.569652652745662
1634,5.569652652745662
1635,5.569652652745662
1636,5.561252247656195
1637,5.560887012652325
1638,5.560887012652325
1639,5.552822623766446
1640,5.5521213725589895
1641,5.5521213725589895
1642,5.5521213725589895
1643,5.5521213725589895
1644,5.546861988502981
1645,5.543355732465653
1646,5.543355732465653
1647,5.539498850824575
1648,5.534590092372316
1649,5.534590092372316
1650,5.533065633225639
1651,5.525824452278979
1652,5.525824452278979
1653,5.524071324260301
1654,5.517058812185642
1655,5.516708186581897
1656,5.508293172092306
1657,5.508010409508643
1658,5.500941344917244
1659,5.49952753199897
1660,5.49952753199897
1661,5.49952753199897
1662,5.494982385283903
1663,5.490761891905633
1664,5.490761891905633
1665,5.487840011874515
1666,5.481996251812297
1667,5.479723678454751
1668,5.473230611718961
1669,5.473230611718961
1670,5.473230611718961
1671,5.465404147349898
1672,5.464464971625624
1673,5.464464971625624
1674,5.464464971625624
1675,5.458329023560279
1676,5.455699331532288
1677,5.455699331532288
1678,5.455699331532288
1679,5.455699331532288
1680,5.455699331532288
1681,5.452269298452274
1682,5.446933691438951
1683,5.443899431406634
1684,5.438168051345614
1685,5.438168051345614
1686,5.437518744672021
1687,5.429402411252278
1688,5.429402411252278
1689,5.429402411252278
1690,5.429402411252278
1691,5.423558651190044
1692,5.420636771158941
1693,5.420636771158941
1694,5.415158246100598
1695,5.411871131065604
1696,5.411871131065604
1697,5.411871131065604
1698,5.411871131065604
1699,5.411871131065604
1700,5.411871131065604
1701,5.411871131065604
1702,5.411871131065604
1703,5.409584442345589
1704,5.403105490972267
1705,5.403105490972267
1706,5.403105490972267
1707,5.403105490972267
1708,5.403105490972267
1709,5.396677354903819
1710,5.39433985087893
1711,5.39433985087893
1712,5.39433985087893
1713,5.39433985087893
1714,5.39433985087893
1715,5.392586722860257
1716,5.385574210785595
1717,5.385574210785595
1718,5.385574210785595
1719,5.385574210785595
1720,5.385574210785595
1721,5.385574210785595
1722,5.385574210785595
1723,5.385574210785595
1724,5.385574210785595
1725,5.385574210785595
1726,5.385574210785595
1727,5.385574210785595
1728,5.385574210785595
1729,5.385574210785595
1730,5.385574210785595
1731,5.385574210785595
1732,5.385574210785595
1733,5.385574210785595
1734,5.385574210785595
1735,5.385574210785595
1736,5.385574210785595
1737,5.385574210785595
1738,5.385574210785595
1739,5.385574210785595
1740,5.385574210785595
1741,5.385574210785595
1742,5.385574210785595
1743,5.392224006718473
1744,5.400914080948936
1745,5.408848496550663
1746,5.411871131065604
1747,5.411871131065604
1748,5.420987396762696
1749,5.433622904630557
1750,5.445881814627774
1751,5.455699331532288
1752,5.4597690930042075
1753,5.468117321664519
1754,5.480372985128329
1755,5.494518594802781
1756,5.504275587049529
1757,5.514136932154543
1758,5.523370073052851
1759,5.531668212341208
1760,5.545378572487201
1761,5.5521213725589895
1762,5.5521213725589895
1763,5.5558780754561425
1764,5.564042643085939
1765,5.572197515998569
1766,5.579513997850671
1767,5.5885324929466975
1768,5.595949573025671
1769,5.597298133040033
1770,5.604715213119008
1771,5.611026473986232
1772,5.622246493305681
1773,5.623220453316052
1774,5.631336786735813
1775,5.63945312015557
1776,5.639777773492353
1777,5.6464980975639225
1778,5.64854341358569
1779,5.65409498564481
1780,5.6624223437334775
1781,5.670316132527208
1782,5.674840333865701
1783,5.674840333865701
1784,5.674840333865701
1785,5.676666508885165
1786,5.683605973959037
1787,5.683605973959037
1788,5.683605973959037
1789,5.683605973959037
1790,5.691609384479057
1791,5.692371614052374
1792,5.692371614052374
1793,5.700163294135349
1794,5.701137254145711
1795,5.706792505818841
1796,5.709902894239047
1797,5.709902894239047
1798,5.714857386465728
1799,5.718668534332383
1800,5.718668534332383
1801,5.718668534332383
1802,5.718668534332383
1803,5.718668534332383
1804,5.722686119375152
1805,5.72743417442572
1806,5.72743417442572
1807,5.72743417442572
1808,5.72743417442572
1809,5.72743417442572
1810,5.72743417442572
1811,5.72743417442572
1812,5.72743417442572
1813,5.72743417442572
1814,5.72743417442572
1815,5.72743417442572
1816,5.72743417442572
1817,5.72743417442572
1818,5.72743417442572
1819,5.72743417442572
1820,5.72743417442572
1821,5.725620593716744
1822,5.710507421142026
1823,5.701137254145706
1824,5.694068189554308
1825,5.6859659539841525
1826,5.683605973959037
1827,5.67893096590925
1828,5.671515435899251
1829,5.663518048745126
1830,5.654611933650297
1831,5.64854341358569
1832,5.642566840794762
1833,5.639777773492353
1834,5.6334665126251435
1835,5.625168373336781
1836,5.6158714823286875
1837,5.607532740291854
1838,5.599320973061561
1839,5.595949573025671
1840,5.592735504991438
1841,5.584897244212314
1842,5.5784182928389985
1843,5.577541728829664
1844,5.570237028751877
1845,5.561588263859775
1846,5.560887012652325
1847,5.5521213725589895
1848,5.5521213725589895
1849,5.5521213725589895
1850,5.5521213725589895
1851,5.550869138259928
1852,5.543355732465653
1853,5.542381772455282
1854,5.534239466768578
1855,5.525499798942177
1856,5.517383465522415
1857,5.517058812185642
1858,5.5163283421778555
1859,5.508293172092306
1860,5.508293172092306
1861,5.506447774177898
1862,5.49952753199897
1863,5.49952753199897
1864,5.49952753199897
1865,5.498588356274671
1866,5.490761891905633
1867,5.490761891905633
1868,5.490761891905633
1869,5.4880647718769096
1870,5.481996251812297
1871,5.481996251812297
1872,5.480372985128334
1873,5.473230611718961
1874,5.473230611718961
1875,5.473230611718961
1876,5.464464971625624
1877,5.464464971625624
1878,5.464464971625624
1879,5.459129364612277
1880,5.455699331532288
1881,5.455699331532288
1882,5.455699331532288
1883,5.455699331532288
1884,5.455699331532288
1885,5.455699331532288
1886,5.455699331532288
1887,5.455699331532288
1888,5.455699331532288
1889,5.453426758174742
1890,5.446933691438951
1891,5.446933691438951
1892,5.446933691438951
1893,5.446933691438946
1894,5.438168051345614
1895,5.438168051345614
1896,5.438168051345614
1897,5.438168051345614
1898,5.438168051345614
1899,5.438168051345614
1900,5.438168051345614
1901,5.438168051345614
1902,5.438168051345614
1903,5.430701024599423
1904,5.429402411252278
1905,5.429402411252278
1906,5.429402411252278
1907,5.429402411252278
1908,5.429402411252278
1909,5.429402411252278
1910,5.429402411252278
1911,5.429402411252278
1912,5.429402411252278
1913,5.429402411252278
1914,5.429402411252278
1915,5.429402411252278
1916,5.429402411252278
1917,5.429402411252278
1918,5.429402411252278
1919,5.429402411252278
1920,5.429402411252278
1921,5.429402411252278
1922,5.429402411252278
1923,5.429402411252278
1924,5.429402411252278
1925,5.429402411252278
1926,5.429402411252278
1927,5.429402411252278
1928,5.429402411252278
1929,5.429402411252278
1930,5.429402411252278
1931,5.429402411252278
1932,5.429402411252278
1933,5.429402411252278
1934,5.429402411252278
1935,5.429402411252278
1936,5.429402411252278
1937,5.429402411252278
1938,5.429402411252278
1939,5.429402411252278
1940,5.429402411252278
1941,5.429402411252278
1942,5.429402411252278
1943,5.429402411252278
1944,5.429402411252278
1945,5.429402411252278
1946,5.434238626476194
1947,5.446933691438951
1948,5.449855571470079
1949,5.457691522462604
1950,5.466802475650523
1951,5.474373956078968
1952,5.48564860185122
1953,5.49952753199897
1954,5.504968274125899
1955,5.517058812185642
1956,5.522172102240113
1957,5.539426307596245
1958,5.5521213725589895
1959,5.5521213725589895
1960,5.5536326898164745
1961,5.561649242225663
1962,5.5784182928389985
1963,5.5801714208576705
1964,5.588749225806153
1965,5.596680043033453
1966,5.604715213119008
1967,5.604715213119024
1968,5.612831546538784
1969,5.62043291259672
1970,5.622246493305681
1971,5.627618982395155
1972,5.635966625625691
1973,5.639777773492353
1974,5.645738408755825
1975,5.653681892261094
1976,5.661691873725705
1977,5.6701203738154575
1978,5.678283978188093
1979,5.683605973959037
1980,5.683605973959037
1981,5.684579933969413
1982,5.692696267389173
1983,5.700812600808932
1984,5.701137254145711
1985,5.70914066466573
1986,5.717369920985227
1987,5.718668534332383
1988,5.727068939421844
1989,5.72743417442572
1990,5.72743417442572
1991,5.73505647015907
1992,5.736199814519056
1993,5.744965454612393
1994,5.744965454612393
1995,5.744965454612393
1996,5.744965454612393
1997,5.744965454612393
1998,5.753365859701854
1999,5.75373109470573
2000,5.760305324775736
2001,5.7624967347990665
2002,5.7624967347990665
2003,5.766392574840556
2004,5.7712623748924035
2005,5.7712623748924035
2006,5.7712623748924035
2007,5.7712623748924035
2008,5.7712623748924035
2009,5.7724057192524105
2010,5.7800280149857395
2011,5.7800280149857395
2012,5.7800280149857395
2013,5.780967190710027
2014,5.7887936550790755
2015,5.7887936550790755
2016,5.7887936550790755
2017,5.7887936550790755
2018,5.795536455150888
2019,5.797559295172412
2020,5.797559295172412
2021,5.797559295172412
2022,5.797559295172412
2023,5.797559295172412
2024,5.797559295172412
2025,5.797559295172412
2026,5.797559295172412
2027,5.797559295172412
2028,5.797559295172412
2029,5.797559295172412
2030,5.797559295172412
2031,5.797559295172412
2032,5.797559295172412
2033,5.797559295172412
2034,5.797559295172412
2035,5.797559295172412
2036,5.797559295172412
2037,5.797559295172412
2038,5.797559295172412
2039,5.797559295172412
2040,5.796210735158047
2041,5.787541420780019
2042,5.777471369958497
2043,5.7712623748924035
2044,5.765821632765484
2045,5.751825520772394
2046,5.744965454612393
2047,5.744203225039057
2048,5.734797312104113
2049,5.72743417442572
2050,5.72743417442572
2051,5.725607999406266
2052,5.716277905216009
2053,5.709902894239047
2054,5.7063966382017
2055,5.698006668398078
2056,5.689703810545696
2057,5.683605973959037
2058,5.683605973959037
2059,5.680583339444085
2060,5.672648923842356
2061,5.663518048745129
2062,5.65504695300977
2063,5.64854341358569
2064,5.647244800238529
2065,5.639777773492353
2066,5.639777773492353
2067,5.639777773492353
2068,5.631012133399018
2069,5.631012133399018
2070,5.623043369677784
2071,5.622246493305681
2072,5.616402733243446
2073,5.613480853212344
2074,5.605858557478991
2075,5.604715213119008
2076,5.5963148080295415
2077,5.595949573025671
2078,5.595949573025671
2079,5.595949573025671
2080,5.588997513641292
2081,5.5871839329323345
2082,5.580441132860529
2083,5.5784182928389985
2084,5.571756406368057
2085,5.569652652745662
2086,5.561982717663976
2087,5.560887012652325
2088,5.554069292579718
2089,5.5521213725589895
2090,5.5521213725589895
2091,5.5521213725589895
2092,5.5521213725589895
2093,5.5521213725589895
2094,5.5440569836731095
2095,5.543355732465653
2096,5.543355732465653
2097,5.543355732465653
2098,5.537612726887253
2099,5.534590092372316
2100,5.529532992318455
2101,5.525824452278979
2102,5.525824452278979
2103,5.525824452278979
2104,5.519081652207178
2105,5.517058812185642
2106,5.517058812185642
2107,5.517058812185642
2108,5.517058812185642
2109,5.517058812185642
2110,5.510922864120297
2111,5.508293172092306
2112,5.508293172092306
2113,5.508293172092306
2114,5.508293172092306
2115,5.508293172092306
2116,5.508293172092306
2117,5.508293172092306
2118,5.508293172092306
2119,5.508293172092306
2120,5.508293172092306
2121,5.508293172092306
2122,5.508293172092306
2123,5.508293172092306
2124,5.508293172092306
2125,5.508293172092306
2126,5.508293172092306
2127,5.508293172092306
2128,5.508293172092306
2129,5.508293172092306
2130,5.508293172092306
2131,5.508293172092306
2132,5.508293172092306
2133,5.508293172092306
2134,5.5201893979332795
2135,5.531922288865664
2136,5.5458602010637765
2137,5.5521213725589895
2138,5.558082007822466
2139,5.567660461815373
2140,5.583138252889277
2141,5.593845819403288
2142,5.601897685946163
2143,5.610109453176455
2144,5.618959378270688
2145,5.6274409466943345
2146,5.635394953445695
2147,5.642991841526585
2148,5.650566253607243
2149,5.6589947536969865
2150,5.66742325378673
2151,5.674840333865701
2152,5.675514613872883
2153,5.683605973959037
2154,5.685797383982374
2155,5.694731594077509
2156,5.702950834854691
2157,5.709902894239047
2158,5.711155128538104
2159,5.718993187669177
2160,5.727109521088937
2161,5.727771314429312
2162,5.736199814519074
2163,5.744965454612393
2164,5.744965454612393
2165,5.747081298772855
2166,5.75373109470573
2167,5.753731094705747
2168,5.7624967347990665
2169,5.7624967347990825
2170,5.7712623748924035
2171,5.7712623748924035
2172,5.773378219052876
2173,5.7800280149857395
2174,5.780632541888742
2175,5.788189128176101
2176,5.7887936550790755
2177,5.795611375151677
2178,5.797559295172412
2179,5.802894902185759
2180,5.806324935265748
2181,5.806324935265748
2182,5.806324935265748
2183,5.809696335301666
2184,5.8150905753590845
2185,5.8189474570001645
2186,5.823856215452421
2187,5.823856215452421
2188,5.823856215452421
2189,5.823856215452421
2190,5.825225846717005
2191,5.832074003039929
2192,5.832621855545757
2193,5.832621855545757
2194,5.832621855545757
2195,5.832621855545757
2196,5.832621855545757
2197,5.832621855545757
2198,5.832621855545757
2199,5.832621855545757
2200,5.832621855545757
2201,5.832621855545757
2202,5.832621855545757
2203,5.832621855545757
2204,5.832621855545757
2205,5.832621855545757
2206,5.832621855545757
2207,5.832621855545757
2208,5.832621855545757
2209,5.832621855545757
2210,5.832621855545757
2211,5.832621855545757
2212,5.832621855545757
2213,5.832621855545757
2214,5.832621855545757
2215,5.832621855545757
2216,5.832621855545757
2217,5.832621855545757
2218,5.832621855545757
2219,5.832621855545757
2220,5.8309985888618066
2221,5.823856215452421
2222,5.823251688549431
2223,5.8156951022620555
2224,5.806690170269635
2225,5.796909988498829
2226,5.788793655079065
2227,5.779326763778271
2228,5.7712623748924035
2229,5.770093622879958
2230,5.762788922802171
2231,5.753349979919061
2232,5.744965454612393
2233,5.744965454612393
2234,5.744965454612393
2235,5.737498427866205
2236,5.728196403999045
2237,5.72743417442572
2238,5.716915406313701
2239,5.705154839188485
2240,5.701137254145711
2241,5.697630998108364
2242,5.690011634027227
2243,5.683605973959037
2244,5.683605973959037
2245,5.680234573923124
2246,5.671806073833379
2247,5.666074693772364
2248,5.6631528137412355
2249,5.6525609986284655
2250,5.64854341358569
2251,5.6444527815421255
2252,5.639777773492353
2253,5.639777773492353
2254,5.639777773492342
2255,5.631661440072584
2256,5.631012133399008
2257,5.622583633309265
2258,5.622246493305681
2259,5.613831478816077
2260,5.613480853212344
2261,5.613480853212335
2262,5.604715213119008
2263,5.604715213119008
2264,5.603952983545659
2265,5.595949573025671
2266,5.595949573025671
2267,5.595949573025671
2268,5.595949573025671
2269,5.595949573025671
2270,5.5871839329323345
2271,5.586579406029334
2272,5.579022819741975
2273,5.5784182928389985
2274,5.571478827765092
2275,5.569652652745662
2276,5.569652652745662
2277,5.565107506030595
2278,5.560887012652325
2279,5.5579651326212085
2280,5.5521213725589895
2281,5.5521213725589895
2282,5.5521213725589895
2283,5.5521213725589895
2284,5.5521213725589895
2285,5.5521213725589895
2286,5.5521213725589895
2287,5.546680630432084
2288,5.543355732465653
2289,5.543355732465653
2290,5.540433852434529
2291,5.534590092372316
2292,5.534590092372316
2293,5.534590092372316
2294,5.534590092372316
2295,5.5265257034864295
2296,5.525824452278979
2297,5.525824452278979
2298,5.517439926972295
2299,5.517058812185642
2300,5.517058812185642
2301,5.517058812185642
2302,5.517058812185628
2303,5.509754112107855
2304,5.508293172092306
2305,5.508293172092306
2306,5.508293172092306
2307,5.508293172092306
2308,5.503179882037851
2309,5.49952753199897
2310,5.49952753199897
2311,5.49952753199897
2312,5.49952753199897
2313,5.49952753199897
2314,5.49952753199897
2315,5.49952753199897
2316,5.49952753199897
2317,5.49952753199897
2318,5.49952753199897
2319,5.49952753199897
2320,5.49952753199897
2321,5.49952753199897
2322,5.49952753199897
2323,5.49952753199897
2324,5.49952753199897
2325,5.49952753199897
2326,5.49952753199897
2327,5.49952753199897
2328,5.49952753199897
2329,5.49952753199897
2330,5.49952753199897
2331,5.49952753199897
2332,5.49952753199897
2333,5.49952753199897
2334,5.49952753199897
2335,5.49952753199897
2336,5.503910352045647
2337,5.512001712131807
2338,5.51998069221677
2339,5.529070985646903
2340,5.544407609276867
2341,5.5521213725589895
2342,5.5521213725589895
2343,5.555408487594001
2344,5.564258412688231
2345,5.5728082831792705
2346,5.581047984867009
2347,5.588314983266964
2348,5.595384047858376
2349,5.604349978115121
2350,5.612806573205179
2351,5.620947879958526
2352,5.6288207233756955
2353,5.636855893461246
2354,5.639777773492353
2355,5.644891063546804
2356,5.65451998637661
2357,5.663620314546243
2358,5.666074693772364
2359,5.673154633847766
2360,5.683188562526031
2361,5.683605973959037
2362,5.693514958412386
2363,5.701137254145711
2364,5.7037344808400325
2365,5.718668534332383
2366,5.718668534332383
2367,5.726181940126682
2368,5.72743417442572
2369,5.735147937707872
2370,5.736199814519056
2371,5.743342187928452
2372,5.744965454612393
2373,5.744965454612393
2374,5.75220663555907
2375,5.76081103478112
2376,5.7624967347990665
2377,5.76406202767289
2378,5.7712623748924035
2379,5.7712623748924035
2380,5.772560988239571
2381,5.7800280149857395
2382,5.7800280149857555
2383,5.788144348405515
2384,5.795513979150645
2385,5.797559295172412
2386,5.802697773847824
2387,5.806324935265748
2388,5.811903069870611
2389,5.8150905753590845
2390,5.82115909542371
2391,5.823856215452421
2392,5.823856215452421
2393,5.823856215452421
2394,5.823856215452421
2395,5.824830175462805
2396,5.832621855545757
2397,5.832621855545757
2398,5.832621855545757
2399,5.838790268944775
2400,5.841387495639094
2401,5.841387495639094
2402,5.84577031568577
2403,5.850153135732431
2404,5.850153135732431
2405,5.850153135732431
2406,5.8538616757719355
2407,5.858918775825767
2408,5.858918775825767
2409,5.858918775825767
2410,5.858918775825767
2411,5.858918775825767
2412,5.858918775825767
2413,5.862903157686391
2414,5.867684415919104
2415,5.867684415919104
2416,5.867684415919104
2417,5.867684415919104
2418,5.867684415919104
2419,5.867684415919104
2420,5.867684415919104
2421,5.867684415919104
2422,5.867684415919104
2423,5.867684415919104
2424,5.867684415919104
2425,5.867684415919104
2426,5.867684415919104
2427,5.867684415919104
2428,5.867684415919104
2429,5.867684415919104
2430,5.867684415919104
2431,5.867684415919104
2432,5.867684415919104
2433,5.861336883437713
2434,5.853780297150354
2435,5.845595002883891
2436,5.829992163517742
2437,5.823856215452421
2438,5.816684328103308
2439,5.800364300002265
2440,5.790196157493997
2441,5.776521758948392
2442,5.7712623748924035
2443,5.764249862817725
2444,5.755484222724385
2445,5.747469923210481
2446,5.744965454612393
2447,5.737793567263287
2448,5.729119874443662
2449,5.72743417442572
2450,5.72743417442572
2451,5.7206913743539065
2452,5.718668534332383
2453,5.709902894239047
2454,5.709106017866909
2455,5.6995719612719
2456,5.691722307378781
2457,5.683605973959037
2458,5.683605973959037
2459,5.683605973959037
2460,5.675892210676895
2461,5.667697960456305
2462,5.666074693772364
2463,5.659331893700552
2464,5.650903393610808
2465,5.641969183515677
2466,5.639777773492353
2467,5.639777773492353
2468,5.639777773492353
2469,5.632960053419754
2470,5.631012133399018
2471,5.625064020478534
2472,5.622246493305681
2473,5.6145327300235355
2474,5.613480853212344
2475,5.605967447418046
2476,5.598579265053666
2477,5.595949573025671
2478,5.595949573025671
2479,5.5930276929945535
2480,5.5871839329323345
2481,5.585204594846734
2482,5.5780530578351
2483,5.569652652745662
2484,5.569652652745662
2485,5.569360464742541
2486,5.562055764664766
2487,5.5521213725589895
2488,5.5521213725589895
2489,5.5521213725589895
2490,5.5521213725589895
2491,5.5521213725589895
2492,5.5521213725589895
2493,5.549848799201451
2494,5.543355732465653
2495,5.541602604446985
2496,5.534590092372316
2497,5.534590092372316
2498,5.534590092372316
2499,5.52763803298794
2500,5.525824452278979
2501,5.519876339358494
2502,5.517058812185642
2503,5.517058812185642
2504,5.508293172092306
2505,5.508293172092306
2506,5.508293172092306
2507,5.508293172092306
2508,5.503236072038449
2509,5.49952753199897
2510,5.49952753199897
2511,5.49952753199897
2512,5.49952753199897
2513,5.49952753199897
2514,5.49952753199897
2515,5.49952753199897
2516,5.49952753199897
2517,5.49952753199897
2518,5.49952753199897
2519,5.49952753199897
2520,5.497482215977188
2521,5.490761891905633
2522,5.490761891905633
2523,5.490761891905633
2524,5.490761891905633
2525,5.490761891905633
2526,5.490761891905633
2527,5.490761891905633
2528,5.490761891905633
2529,5.490761891905633
2530,5.490761891905633
2531,5.490761891905633
2532,5.490761891905633
2533,5.490761891905633
2534,5.490761891905633
2535,5.490761891905633
2536,5.490761891905633
2537,5.490761891905633
2538,5.490761891905633
2539,5.490761891905633
2540,5.490761891905633
2541,5.490761891905633
2542,5.490761891905633
2543,5.490761891905633
2544,5.490761891905633
2545,5.490761891905633
2546,5.490761891905633
2547,5.490761891905633
2548,5.490761891905633
2549,5.490761891905633
2550,5.490761891905633
2551,5.490761891905633
2552,5.490761891905633
2553,5.490761891905633
2554,5.490761891905633
2555,5.490761891905633
2556,5.490761891905633
2557,5.490761891905633
2558,5.490761891905633
2559,5.490761891905633
2560,5.490761891905633
2561,5.490761891905633
2562,5.490761891905633
2563,5.490761891905633
2564,5.490761891905633
2565,5.490761891905633
2566,5.490761891905633
2567,5.490761891905649
2568,5.49952753199897
2569,5.49952753199897
2570,5.49952753199897
2571,5.49952753199897
2572,5.49952753199897
2573,5.49952753199897
2574,5.49952753199897
2575,5.49952753199897
2576,5.505457229709173
2577,5.508293172092306
2578,5.508293172092306
2579,5.508293172092306
2580,5.508293172092306
2581,5.508293172092306
2582,5.508293172092306
2583,5.508293172092306
2584,5.514319549656487
2585,5.517058812185642
2586,5.517058812185642
2587,5.517058812185642
2588,5.517058812185642
2589,5.523633042255658
2590,5.525824452278979
2591,5.525824452278979
2592,5.531343559004417
2593,5.534590092372316
2594,5.534590092372316
2595,5.536705936532778
2596,5.543355732465653
2597,5.543355732465653
2598,5.545715712490788
2599,5.5521213725589895
2600,5.5521213725589895
2601,5.5521213725589895
2602,5.556841332609254
2603,5.56544514550087
2604,5.577792175689497
2605,5.5871839329323345
2606,5.590105812963455
2607,5.599455829063028
2608,5.615166553230297
2609,5.623455547111661
2610,5.631012133399018
2611,5.639777773492362
2612,5.64789410691212
2613,5.656607802471581
2614,5.6642611130634055
2615,5.674402051861044
2616,5.683255348355321
2617,5.68697737399496
2618,5.701137254145711
2619,5.702485814160074
2620,5.711098208797247
2621,5.72061645435314
2622,5.72743417442572
2623,5.727434174425724
2624,5.734990760713085
2625,5.743869749600731
2626,5.744965454612393
2627,5.744965454612393
2628,5.7486739946518925
2629,5.757237350743079
2630,5.766002990836413
2631,5.7712623748924035
2632,5.7712623748924035
2633,5.772110662643373
2634,5.779179727234786
2635,5.7800280149857395
2636,5.788456515075502
2637,5.797861558623913
2638,5.805418144911274
2639,5.806324935265748
2640,5.812493348664767
2641,5.820229054034497
2642,5.823856215452421
2643,5.823856215452421
2644,5.827925976924339
2645,5.835993255581671
2646,5.844205022811964
2647,5.850153135732431
2648,5.852268979892898
2649,5.8601710101248266
2650,5.867684415919104
2651,5.867684415919104
2652,5.870044395944248
2653,5.878328407461025
2654,5.885215696105776
2655,5.885528754680548
2656,5.893355219049595
2657,5.901735556281681
2658,5.90274697629245
2659,5.910260382086747
2660,5.911512616385787
2661,5.911512616385787
2662,5.916991141444132
2663,5.920278256479124
2664,5.922998627542586
2665,5.92904389657246
2666,5.931965776603588
2667,5.937809536665797
2668,5.937809536665797
2669,5.939925380826272
2670,5.946575176759134
2671,5.947249456766325
2672,5.955340816852469
2673,5.955340816852469
2674,5.955340816852469
2675,5.955340816852469
2676,5.964106456945806
2677,5.964106456945806
2678,5.971469594624225
2679,5.972872097039143
2680,5.974750448487723
2681,5.9826491571432525
2682,5.990403377225816
2683,5.990403377225816
2684,5.997657700061695
2685,5.9991690173191525
2686,5.9991690173191525
2687,5.9991690173191525
2688,6.0039170723697275
2689,6.007934657412489
2690,6.007934657412489
2691,6.0139112302034095
2692,6.016700297505826
2693,6.020790929549394
2694,6.028895970679182
2695,6.034231577692499
2696,6.036422987715842
2697,6.042997217785835
2698,6.042997217785835
2699,6.042997217785835
2700,6.042997217785835
2701,6.04518862780919
2702,6.051762857879171
2703,6.0527742778899425
2704,6.060528497972508
2705,6.060528497972508
2706,6.0686448313922705
2707,6.069294138065845
2708,6.077694543155306
2709,6.078059778159181
2710,6.078059778159181
2711,6.078059778159181
2712,6.084780102230749
2713,6.086825418252518
2714,6.086825418252518
2715,6.086825418252518
2716,6.093894482843932
2717,6.095591058345854
2718,6.101031800472766
2719,6.10435669843919
2720,6.107405616732536
2721,6.113122338532527
2722,6.113122338532527
2723,6.114218043544194
2724,6.121887978625863
2725,6.121887978625863
2726,6.130653618719199
2727,6.130653618719199
2728,6.132926192076738
2729,6.139419258812536
2730,6.139419258812536
2731,6.139419258812536
2732,6.139419258812536
2733,6.139419258812536
2734,6.139419258812536
2735,6.139419258812536
2736,6.139419258812536
2737,6.147173478895104
2738,6.148184898905873
2739,6.148184898905873
2740,6.154028658968104
2741,6.15695053899921
2742,6.15695053899921
2743,6.16178675422313
2744,6.165716179092547
2745,6.165716179092547
2746,6.170829469147007
2747,6.174481819185883
2748,6.174481819185883
2749,6.179351619237749
2750,6.18324745927922
2751,6.18324745927922
2752,6.18324745927922
2753,6.18324745927922
2754,6.18324745927922
2755,6.187467952657506
2756,6.192013099372557
2757,6.192013099372557
2758,6.194005290302865
2759,6.200778739465892
2760,6.200778739465892
2761,6.201143974469782
2762,6.209544379559229
2763,6.209544379559229
2764,6.217944784648681
2765,6.218310019652566
2766,6.218310019652566
2767,6.224884249722576
2768,6.227075659745902
2769,6.227075659745902
2770,6.227075659745902
2771,6.227075659745902
2772,6.2294356397710455
2773,6.2358412998392385
2774,6.2358412998392385
2775,6.2358412998392385
2776,6.243354705633531
2777,6.244606939932575
2778,6.244606939932575
2779,6.251848120879256
2780,6.253372580025912
2781,6.253372580025912
2782,6.260190300098511
2783,6.262138220119249
2784,6.268881020191052
2785,6.270903860212585
2786,6.270903860212585
2787,6.270903860212585
2788,6.270903860212585
2789,6.2754772376525985
2790,6.279669500305921
2791,6.279669500305921
2792,6.282857005794418
2793,6.288435140399258
2794,6.288435140399258
2795,6.292330980440743
2796,6.297200780492594
2797,6.297200780492594
2798,6.300331366240232
2799,6.305966420585931
2800,6.305966420585931
2801,6.305966420585931
2802,6.305966420585931
2803,6.3059664205859365
2804,6.314732060679268
2805,6.314732060679268
2806,6.314732060679268
2807,6.314732060679268
2808,6.314732060679268
2809,6.314732060679268
2810,6.323497700772604
2811,6.323497700772604
2812,6.323497700772604
2813,6.323497700772604
2814,6.323497700772604
2815,6.323497700772604
2816,6.326531960804926
2817,6.332263340865941
2818,6.332263340865941
2819,6.332263340865941
2820,6.332964592073412
2821,6.341028980959278
2822,6.341028980959278
2823,6.341028980959278
2824,6.341028980959278
2825,6.341028980959278
2826,6.34223803476527
2827,6.349794621052615
2828,6.349794621052615
2829,6.349794621052615
2830,6.350193059238689
2831,6.35856026114595
2832,6.35856026114595
2833,6.35856026114595
2834,6.35856026114595
2835,6.35856026114595
2836,6.35856026114595
2837,6.35856026114595
2838,6.35856026114595
2839,6.35856026114595
2840,6.35856026114595
2841,6.35856026114595
2842,6.35856026114595
2843,6.35856026114595
2844,6.35856026114595
2845,6.35856026114595
2846,6.35856026114595
2847,6.35856026114595
2848,6.35856026114595
2849,6.35856026114595
2850,6.35856026114595
2851,6.35856026114595
2852,6.35856026114595
2853,6.35856026114595
2854,6.35856026114595
2855,6.35856026114595
2856,6.35856026114595
2857,6.35856026114595
2858,6.35856026114595
2859,6.35856026114595
2860,6.35856026114595
2861,6.35856026114595
2862,6.35856026114595
2863,6.35856026114595
2864,6.3581618229598815
2865,6.348333681037052
2866,6.339123407025932
2867,6.332263340865941
2868,6.330577640847989
2869,6.323497700772604
2870,6.322796449565133
2871,6.314732060679268
2872,6.314732060679268
2873,6.314732060679268
2874,6.310539798025935
2875,6.301408287737391
2876,6.297200780492594
2877,6.292330980440729
2878,6.288435140399258
2879,6.285513260368132
2880,6.2772151210797835
2881,6.270903860212585
2882,6.269218160194624
2883,6.262138220119249
2884,6.260885985820198
2885,6.25305952145114
2886,6.2452330570820935
2887,6.237406592713036
2888,6.229348233103427
2889,6.227075659745902
2890,6.219770959668108
2891,6.218310019652566
2892,6.2098950051629584
2893,6.201129365069613
2894,6.192987059382909
2895,6.192013099372557
2896,6.184546072626375
2897,6.18324745927922
2898,6.177988075223213
2899,6.1690032941275375
2900,6.160707241896351
2901,6.15695053899921
2902,6.151893438945354
2903,6.142606764301011
2904,6.139419258812536
2905,6.139419258812536
2906,6.139419258812536
2907,6.134671203761972
2908,6.12531801170586
2909,6.1170517634019514
2910,6.113122338532527
2911,6.110401967469064
2912,6.100850442401834
2913,6.086825418252518
2914,6.086825418252518
2915,6.086825418252518
2916,6.079268831965156
2917,6.0714855480891705
2918,6.069294138065845
2919,6.064512879833097
2920,6.0552691139164985
2921,6.046284332820831
2922,6.042997217785835
2923,6.042997217785835
2924,6.0389515377427445
2925,6.031017509658266
2926,6.025465937599162
2927,6.022798134092479
2928,6.016700297505826
2929,6.013413182470805
2930,6.004804071664856
2931,5.9991690173191525
2932,5.9991690173191525
2933,5.9949767546658075
2934,5.986020557179143
2935,5.978010575714546
2936,5.972872097039143
2937,5.97045398942718
2938,5.962757896931436
2939,5.955340816852469
2940,5.955340816852469
2941,5.955340816852469
2942,5.94797767917406
2943,5.940000946689127
2944,5.937809536665797
2945,5.937809536665797
2946,5.937809536665797
2947,5.934133623078264
2948,5.926683916547326
2949,5.918255416457581
2950,5.911512616385787
2951,5.911512616385787
2952,5.911512616385787
2953,5.907320353732442
2954,5.90274697629245
2955,5.898364156245782
2956,5.888801639780319
2957,5.885215696105776
2958,5.885215696105776
2959,5.879880089092427
2960,5.870075045035458
2961,5.867684415919104
2962,5.867684415919104
2963,5.863827534278037
2964,5.858918775825767
2965,5.856646202468233
2966,5.850153135732431
2967,5.845371877499695
2968,5.841387495639094
2969,5.835809361034235
2970,5.827102748820322
2971,5.823856215452421
2972,5.823856215452421
2973,5.819473395405757
2974,5.8112336937180205
2975,5.806324935265748
2976,5.80239551039632
2977,5.79474176799955
2978,5.787040527060397
2979,5.779754088732817
2980,5.7729059324098975
2981,5.7712623748924035
2982,5.7712623748924035
2983,5.770714522386563
2984,5.763866366063638
2985,5.7574877976028676
2986,5.751074840131987
2987,5.744965454612393
2988,5.744965454612393
2989,5.739875728106581
2990,5.736199814519056
2991,5.736199814519056
2992,5.736199814519056
2993,5.7281084544328795
2994,5.72743417442572
2995,5.72743417442572
2996,5.725180152687424
2997,5.71891898119219
2998,5.712094304262373
2999,5.709902894239047
3000,5.708149766220377
3001,5.70188859472513
3002,5.701137254145711
3003,5.6930458940595345
3004,5.692371614052374
3005,5.6872818875465585
3006,5.683605973959037
3007,5.683605973959037
3008,5.683605973959037
3009,5.68165805393829
3010,5.674840333865701
3011,5.674840333865701
3012,5.673014158846242
3013,5.666074693772364
3014,5.666074693772364
3015,5.663477467078028
3016,5.657309053679027
3017,5.655193209518556
3018,5.64854341358569
3019,5.647334359779711
3020,5.639777773492353
3021,5.639777773492353
3022,5.639777773492353
3023,5.639777773492353
3024,5.639777773492337
3025,5.631012133399018
3026,5.6310121333990075
3027,5.622246493305681
3028,5.621909353302075
3029,5.613480853212344
3030,5.613480853212344
3031,5.606280505992807
3032,5.604715213118992
3033,5.595949573025671
3034,5.595949573025671
3035,5.595949573025671
3036,5.595949573025671
3037,5.595949573025671
3038,5.590755119637014
3039,5.5871839329323345
3040,5.5816057983274785
3041,5.5784182928389985
3042,5.57322383945035
3043,5.569652652745662
3044,5.566281252709753
3045,5.560887012652325
3046,5.55953845263795
3047,5.5521213725589895
3048,5.5521213725589895
3049,5.5521213725589895
3050,5.5521213725589895
3051,5.5521213725589895
3052,5.5521213725589895
3053,5.552121372558985
3054,5.544816672481196
3055,5.537094560970404
3056,5.534590092372316
3057,5.529330708316304
3058,5.525824452278979
3059,5.521279305563906
3060,5.517058812185642
3061,5.512445317399668
3062,5.508293172092306
3063,5.508293172092306
3064,5.50359729347087
3065,5.49952753199897
3066,5.49952753199897
3067,5.49952753199897
3068,5.496605651967839
3069,5.490761891905633
3070,5.490761891905633
3071,5.49036345371957
3072,5.481996251812297
3073,5.481996251812297
3074,5.481996251812297
3075,5.473230611718961
3076,5.473230611718961
3077,5.473230611718961
3078,5.464464971625624
3079,5.464464971625624
3080,5.464464971625624
3081,5.4560499571360035
3082,5.455699331532288
3083,5.455699331532288
3084,5.455699331532288
3085,5.455699331532288
3086,5.455699331532288
3087,5.455699331532288
3088,5.455699331532288
3089,5.455699331532288
3090,5.452485263498055
3091,5.446933691438951
3092,5.446933691438951
3093,5.446933691438951
3094,5.44360879347252
3095,5.438168051345614
3096,5.438168051345614
3097,5.438168051345614
3098,5.438168051345614
3099,5.435246171314488
3100,5.429402411252278
3101,5.429402411252278
3102,5.429402411252278
3103,5.428150176953228
3104,5.420636771158941
3105,5.420636771158941
3106,5.420636771158941
3107,5.420636771158941
3108,5.419427717352954
3109,5.411871131065604
3110,5.411871131065604
3111,5.411871131065604
3112,5.411871131065604
3113,5.411871131065604
3114,5.411871131065604
3115,5.411871131065604
3116,5.411871131065604
3117,5.411871131065604
3118,5.411871131065604
3119,5.411871131065604
3120,5.411871131065604
3121,5.411871131065604
3122,5.411871131065585
3123,5.403442630975844
3124,5.403105490972267
3125,5.403105490972267
3126,5.403105490972267
3127,5.403105490972267
3128,5.403105490972267
3129,5.403105490972267
3130,5.403105490972267
3131,5.403105490972267
3132,5.396362690900459
3133,5.39433985087893
3134,5.39433985087893
3135,5.39433985087893
3136,5.39433985087893
3137,5.39433985087893
3138,5.39433985087893
3139,5.39433985087893
3140,5.39433985087893
3141,5.39433985087893
3142,5.392696293361421
3143,5.385848137038502
3144,5.385574210785595
3145,5.385574210785595
3146,5.385574210785595
3147,5.385574210785595
3148,5.385574210785595
3149,5.385574210785595
3150,5.385574210785595
3151,5.382525292492253
3152,5.376808570692258
3153,5.376808570692258
3154,5.376808570692258
3155,5.376808570692258
3156,5.376808570692258
3157,5.376808570692258
3158,5.376808570692258
3159,5.376808570692258
3160,5.376808570692258
3161,5.376808570692258
3162,5.373562037324339
3163,5.3680429305989215
3164,5.3680429305989215
3165,5.3680429305989215
3166,5.3680429305989215
3167,5.3680429305989215
3168,5.3680429305989215
3169,5.3680429305989215
3170,5.3680429305989215
3171,5.3680429305989215
3172,5.3680429305989215
3173,5.3680429305989215
3174,5.3680429305989215
3175,5.3680429305989215
3176,5.3680429305989215
3177,5.3680429305989215
3178,5.3680429305989215
3179,5.365375127092238
3180,5.359277290505585
3181,5.359277290505585
3182,5.359277290505585
3183,5.359277290505585
3184,5.359277290505585
3185,5.359277290505585
3186,5.359277290505585
3187,5.359277290505585
3188,5.359277290505585
3189,5.359277290505585
3190,5.359277290505585
3191,5.359277290505585
3192,5.359277290505585
3193,5.359277290505585
3194,5.355706103800898
3195,5.3505116504122485
3196,5.3505116504122485
3197,5.3505116504122485
3198,5.3505116504122485
3199,5.3505116504122485
3200,5.3505116504122485
3201,5.3505116504122485
3202,5.3505116504122485
3203,5.3505116504122485
3204,5.3505116504122485
3205,5.3505116504122485
3206,5.3505116504122485
3207,5.3505116504122485
3208,5.3505116504122485
3209,5.3505116504122485
3210,5.3505116504122485
3211,5.3505116504122485
3212,5.3505116504122485
3213,5.3505116504122485
3214,5.3505116504122485
3215,5.3505116504122485
3216,5.3505116504122485
3217,5.3505116504122485
3218,5.3505116504122485
3219,5.365851520575629
3220,5.3680429305989215
3221,5.379081144049811
3222,5.392494452964562
3223,5.4096797210422904
3224,5.411871131065604
3225,5.425311779208722
3226,5.440283895506077
3227,5.45147883815402
3228,5.45920558756963
3229,5.4669193508517715
3230,5.477613431765638
3231,5.4922228319212065
3232,5.49952753199897
3233,5.500988472014528
3234,5.51131580660726
3235,5.519449441302019
3236,5.528858712311301
3237,5.53809634840967
3238,5.548103787516228
3239,5.5521213725589895
3240,5.556167052602075
3241,5.565269832699005
3242,5.579092572846202
3243,5.5871839329323345
3244,5.5911426091035334
3245,5.598546799720007
3246,5.607001901839029
3247,5.61607807990668
3248,5.6239430688076295
3249,5.631012133399033
3250,5.639777773492353
3251,5.640382300395345
3252,5.6554954729700695
3253,5.664451427088418
3254,5.671387202919845
3255,5.678233484869579
3256,5.683605973959037
3257,5.684171499126353
3258,5.691240563717763
3259,5.699189334124977
3260,5.7066888262048305
3261,5.7144480409541245
3262,5.722714214375479
3263,5.72743417442572
3264,5.728782734440083
3265,5.737295519530739
3266,5.744965454612393
3267,5.744965454612393
3268,5.750121713490824
3269,5.75373109470573
3270,5.754742514716513
3271,5.763101261702067
3272,5.770657847989429
3273,5.7712623748924035
3274,5.771545137476065
3275,5.778614202067461
3276,5.7800280149857395
3277,5.78516649366116
3278,5.7887936550790755
3279,5.7934895337005115
3280,5.797559295172412
3281,5.801790983493345
3282,5.806324935265748
3283,5.8124227718524235
3284,5.8150905753590845
3285,5.819960375410944
3286,5.823856215452421
3287,5.823856215452421
3288,5.828429592892435
3289,5.832621855545757
3290,5.837369910596327
3291,5.841387495639094
3292,5.846646879695104
3293,5.850153135732431
3294,5.856221655797051
3295,5.858918775825767
3296,5.86573649589838
3297,5.867684415919104
3298,5.867684415919104
3299,5.8730786559765535
3300,5.87645005601244
3301,5.87645005601244
3302,5.883024286082455
3303,5.885215696105776
3304,5.891621356173998
3305,5.893981336199113
3306,5.898656344248902
3307,5.90274697629245
3308,5.905444096321186
3309,5.911512616385787
3310,5.911512616385787
3311,5.911512616385787
3312,5.911512616385787
3313,5.915018872423139
3314,5.920278256479124
3315,5.920278256479124
3316,5.920278256479124
3317,5.925537640535134
3318,5.92904389657246
3319,5.92904389657246
3320,5.92904389657246
3321,5.936666192305811
3322,5.937809536665797
3323,5.937809536665797
3324,5.937809536665797
3325,5.937809536665797
3326,5.94187929813771
3327,5.946575176759134
3328,5.946575176759134
3329,5.946575176759134
3330,5.946575176759134
3331,5.952291898559149
3332,5.955340816852469
3333,5.955340816852469
3334,5.955340816852469
3335,5.955340816852469
3336,5.955340816852469
3337,5.955340816852469
3338,5.955340816852469
3339,5.955340816852469
3340,5.956247607206965
3341,5.963804193494327
3342,5.964106456945806
3343,5.964106456945806
3344,5.964106456945806
3345,5.972197817031978
3346,5.972872097039143
3347,5.972872097039143
3348,5.978820209959623
3349,5.981637737132479
3350,5.981637737132479
3351,5.981637737132479
3352,5.981637737132479
3353,5.981637737132479
3354,5.981637737132479
3355,5.985081381454866
3356,5.990403377225816
3357,5.990403377225816
3358,5.990403377225816
3359,5.990403377225816
3360,5.990403377225816
3361,5.990403377225816
3362,5.990403377225816
3363,5.990403377225816
3364,5.9974158893005
3365,5.9991690173191525
3366,5.9991690173191525
3367,5.9991690173191525
3368,5.9991690173191525
3369,5.9991690173191525
3370,5.9991690173191525
3371,5.9991690173191525
3372,5.9991690173191525
3373,5.9991690173191525
3374,5.9991690173191525
3375,5.9991690173191525
3376,5.9991690173191525
3377,5.9991690173191525
3378,5.9991690173191525
3379,6.00274020402384
3380,6.007934657412489
3381,6.007934657412489
3382,6.007934657412489
3383,6.007934657412489
3384,6.007934657412489
3385,6.007934657412489
3386,6.007934657412489
3387,6.007934657412489
3388,6.007934657412489
3389,6.007934657412489
3390,6.007934657412489
3391,6.007934657412489
3392,6.007934657412489
3393,6.007934657412489
3394,6.007934657412489
3395,6.001214333340931
3396,5.9991690173191525
3397,5.99377477726171
3398,5.9855335771739595
3399,5.977567975660561
3400,5.969500697003229
3401,5.961476764917795
3402,5.955340816852469
3403,5.954366856842098
3404,5.946575176759134
3405,5.946250523422332
3406,5.93813419000257
3407,5.937809536665797
3408,5.937809536665797
3409,5.937809536665797
3410,5.931066736593989
3411,5.921113079345147
3412,5.911877851389668
3413,5.911512616385787
3414,5.9048628204529
3415,5.90274697629245
3416,5.895807511218546
3417,5.887488269463292
3418,5.8793719360435475
3419,5.870606295950214
3420,5.867684415919104
3421,5.867684415919104
3422,5.867684415919104
3423,5.860941615847268
3424,5.8471188757001045
3425,5.841387495639094
3426,5.841387495639094
3427,5.837179988394278
3428,5.828414348300947
3429,5.823856215452421
3430,5.823856215452421
3431,5.81374201534472
3432,5.806324935265748
3433,5.802526491225293
3434,5.794862175143686
3435,5.786677810918613
3436,5.779016594974966
3437,5.7712623748924035
3438,5.768871745776038
3439,5.75373109470573
3440,5.7519049196862815
3441,5.744965454612393
3442,5.74159405457646
3443,5.72743417442572
3444,5.72743417442572
3445,5.72743417442572
3446,5.721265761026691
3447,5.712459539266251
3448,5.709902894239047
3449,5.704789604184581
3450,5.69644137552427
3451,5.688744452634432
3452,5.683605973959037
3453,5.683605973959037
3454,5.683605973959037
3455,5.680885602895583
3456,5.672753276700612
3457,5.666074693772364
3458,5.664480941028107
3459,5.65485467445288
3460,5.646183433560555
3461,5.639777773492353
3462,5.639777773492353
3463,5.639777773492353
3464,5.632917707332337
3465,5.631012133399018
3466,5.625269127820614
3467,5.622246493305681
3468,5.617279297252783
3469,5.609098033165661
3470,5.604715213119008
3471,5.601428098083991
3472,5.595949573025671
3473,5.595949573025671
3474,5.595949573025671
3475,5.595949573025671
3476,5.594355820281409
3477,5.5849925229089825
3478,5.5784182928389985
3479,5.577792175689458
3480,5.569965711320416
3481,5.569652652745662
3482,5.561268127438982
3483,5.560887012652325
3484,5.553874500577642
3485,5.5521213725589895
3486,5.5521213725589895
3487,5.5521213725589895
3488,5.5521213725589895
3489,5.5521213725589895
3490,5.547889684238065
3491,5.543355732465653
3492,5.539411194423641
3493,5.534590092372316
3494,5.534590092372316
3495,5.530031959523775
3496,5.525824452278979
3497,5.520915693826702
3498,5.517058812185642
3499,5.517058812185642
3500,5.513665661181764
3501,5.508293172092306
3502,5.508293172092306
3503,5.508293172092306
3504,5.505371292061183
3505,5.49952753199897
3506,5.49952753199897
3507,5.49952753199897
3508,5.49952753199897
3509,5.49952753199897
3510,5.49952753199897
3511,5.494982385283891
3512,5.490761891905633
3513,5.490761891905633
3514,5.490761891905633
3515,5.490761891905633
3516,5.490761891905633
3517,5.487175948231079
3518,5.481996251812297
3519,5.481996251812297
3520,5.481996251812297
3521,5.47929913178357
3522,5.473230611718961
3523,5.473230611718961
3524,5.473230611718961
3525,5.473230611718961
3526,5.473230611718961
3527,5.470308731687838
3528,5.464464971625624
3529,5.464464971625624
3530,5.464464971625624
3531,5.464464971625624
3532,5.464464971625624
3533,5.464464971625624
3534,5.464464971625624
3535,5.464464971625624
3536,5.464464971625624
3537,5.464464971625624
3538,5.464464971625624
3539,5.464464971625624
3540,5.464464971625624
3541,5.464464971625624
3542,5.464464971625624
3543,5.464464971625624
3544,5.464464971625624
3545,5.464464971625624
3546,5.464464971625624
3547,5.464464971625624
3548,5.464464971625624
3549,5.464464971625624
3550,5.464464971625624
3551,5.464464971625624
3552,5.469334771677494
3553,5.479228154940738
3554,5.502814647034023
3555,5.522902572247895
3556,5.547913865314204
3557,5.5521213725589895
3558,5.577166058539999
3559,5.592505928703297
3560,5.603866925368044
3561,5.623043369677817
3562,5.6427909622744465
3563,5.64989197360006
3564,5.6591226343880106
3565,5.674235806962726
3566,5.683255348355321
3567,5.690618486033716
3568,5.699033500523323
3569,5.7073056675447305
3570,5.715422000964482
3571,5.724385256132399
3572,5.733394809689199
3573,5.736199814519056
3574,5.741931194580094
3575,5.75057546427214
3576,5.758740031901934
3577,5.767244789849636
3578,5.7712623748924035
3579,5.776740899950749
3580,5.786706597913999
3581,5.79609835515686
3582,5.8041335252424275
3583,5.811584319321757
3584,5.819473395405757
3585,5.823856215452421
3586,5.829115599508433
3587,5.832621855545757
3588,5.839561320619656
3589,5.848400007713779
3590,5.850153135732431
3591,5.8562890837977735
3592,5.865016612412452
3593,5.867684415919104
3594,5.872067235965786
3595,5.87645005601244
3596,5.880379480881869
3597,5.888645729185788
3598,5.893981336199113
3599,5.893981336199113
3600,5.900079172785783
3601,5.90274697629245
3602,5.907941429681103
3603,5.911512616385787
3604,5.911512616385787
3605,5.911512616385787
3606,5.918005683121598
3607,5.920278256479124
3608,5.920278256479124
3609,5.920278256479124
3610,5.924174096520608
3611,5.92904389657246
3612,5.92904389657246
3613,5.92904389657246
3614,5.92904389657246
3615,5.92904389657246
3616,5.92904389657246
3617,5.92904389657246
3618,5.92904389657246
3619,5.92904389657246
3620,5.92904389657246
3621,5.92904389657246
3622,5.92904389657246
3623,5.92904389657246
3624,5.92904389657246
3625,5.92904389657246
3626,5.92904389657246
3627,5.92904389657244
3628,5.920278256479117
3629,5.908590736354657
3630,5.89889009465137
3631,5.888906491934527
3632,5.8790067010396445
3633,5.871190671956431
3634,5.867684415919104
3635,5.863070921133117
3636,5.853524535768316
3637,5.84467461067408
3638,5.836378558442894
3639,5.82855209407384
3640,5.823856215452421
3641,5.823856215452421
3642,5.82190829543167
3643,5.813566116212407
3644,5.806324935265748
3645,5.802380397223737
3646,5.792446005117952
3647,5.7887936550790755
3648,5.778274886967062
3649,5.7712623748924035
3650,5.7712623748924035
3651,5.768340494861276
3652,5.760224161441518
3653,5.752045394687777
3654,5.744965454612393
3655,5.744965454612393
3656,5.744965454612384
3657,5.737408868325022
3658,5.736199814519056
3659,5.727815289212383
3660,5.72743417442572
3661,5.7204821150413325
3662,5.712006647861434
3663,5.709902894239047
3664,5.709902894239031
3665,5.700834990694206
3666,5.693278404406844
3667,5.684657850770231
3668,5.683605973959037
3669,5.683605973959037
3670,5.682554097147823
3671,5.673933543511214
3672,5.666376957223851
3673,5.657309053679027
3674,5.657309053679027
3675,5.6511406402800075
3676,5.642334418519568
3677,5.639777773492353
3678,5.639777773492353
3679,5.639777773492353
3680,5.636855893461235
3681,5.631012133399018
3682,5.62838244137101
3683,5.622246493305681
3684,5.621484263732328
3685,5.612271799406361
3686,5.604715213118998
3687,5.595949573025671
3688,5.595949573025671
3689,5.595949573025671
3690,5.595949573025671
3691,5.588279637943986
3692,5.5871839329323345
3693,5.578816731025045
3694,5.5784182928389985
3695,5.570003278349387
3696,5.569652652745662
3697,5.569652652745662
3698,5.563173701372313
3699,5.555144007073918
3700,5.5521213725589895
3701,5.5521213725589895
3702,5.5521213725589895
3703,5.5521213725589895
3704,5.551147412548609
3705,5.543355732465653
3706,5.543355732465653
3707,5.5363432203909735
3708,5.534590092372316
3709,5.528421678973295
3710,5.519863817015506
3711,5.517058812185642
3712,5.517058812185642
3713,5.508293172092306
3714,5.508293172092306
3715,5.508293172092306
3716,5.50112128474321
3717,5.49952753199897
3718,5.49952753199897
3719,5.49952753199897
3720,5.49952753199897
3721,5.49952753199897
3722,5.49952753199897
3723,5.49952753199897
3724,5.49952753199897
3725,5.49952753199897
3726,5.49952753199897
3727,5.49952753199897
3728,5.49952753199897
3729,5.49952753199897
3730,5.49952753199897
3731,5.49952753199897
3732,5.49952753199897
3733,5.49952753199897
3734,5.49952753199897
3735,5.49952753199897
3736,5.49952753199897
3737,5.49952753199897
3738,5.49952753199897
3739,5.49952753199897
3740,5.49952753199897
3741,5.49952753199897
3742,5.49952753199897
3743,5.519980692216793
3744,5.54432969247604
3745,5.5521213725589895
3746,5.563997401072572
3747,5.58175758430314
3748,5.594975613015314
3749,5.608086613154917
3750,5.619324613274581
3751,5.635557280114106
3752,5.650108706459515
3753,5.657958360352616
3754,5.66607469377238
3755,5.675142597317206
3756,5.682699183604567
3757,5.690748347368442
3758,5.699114414124186
3759,5.706688826204832
3760,5.720129474347947
3761,5.72743417442572
3762,5.731190877322879
3763,5.740582634565731
3764,5.744965454612393
3765,5.750484561337829
3766,5.75373109470573
3767,5.759250201431172
3768,5.767553834852924
3769,5.7712623748924035
3770,5.775060818932855
3771,5.78321552047423
3772,5.792985917732426
3773,5.797559295172412
3774,5.8010655512097555
3775,5.806324935265748
3776,5.812168695328004
3777,5.823856215452421
3778,5.823856215452421
3779,5.823856215452421
3780,5.827946847495985
3781,5.835908970580775
3782,5.841387495639094
3783,5.844758895675013
3784,5.853075015763557
3785,5.858918775825767
3786,5.86163914688923
3787,5.867684415919104
3788,5.867684415919104
3789,5.869086918334041
3790,5.87645005601244
3791,5.87645005601244
3792,5.884241736095412
3793,5.885946166113563
3794,5.893981336199113
3795,5.895329896213479
3796,5.90274697629245
3797,5.905201355518603
3798,5.911512616385787
3799,5.911512616385787
3800,5.911512616385787
3801,5.912721670191779
3802,5.920278256479124
3803,5.920278256479124
3804,5.920278256479124
3805,5.921008726486905
3806,5.92904389657246
3807,5.930212648584911
3808,5.937517348662697
3809,5.937809536665797
3810,5.937809536665797
3811,5.937809536665797
3812,5.937809536665797
3813,5.937809536665797
3814,5.945322942460094
3815,5.946575176759134
3816,5.946575176759134
3817,5.946575176759134
3818,5.946575176759134
3819,5.946575176759134
3820,5.946575176759134
3821,5.946575176759134
3822,5.946575176759134
3823,5.946575176759134
3824,5.946575176759134
3825,5.946575176759134
3826,5.946575176759134
3827,5.946575176759134
3828,5.946575176759134
3829,5.946575176759134
3830,5.946575176759134
3831,5.946575176759134
3832,5.946575176759134
3833,5.938174771669672
3834,5.9302961308715
3835,5.921373961490786
3836,5.914057479638687
3837,5.911512616385787
3838,5.902746976292439
3839,5.890182892158658
3840,5.882797588493809
3841,5.874856303268178
3842,5.867684415919104
3843,5.866159956772425
3844,5.858918775825767
3845,5.858594122488966
3846,5.850477789069204
3847,5.841387495639094
3848,5.841387495639094
3849,5.834813265569078
3850,5.826047625475745
3851,5.823856215452421
3852,5.823856215452421
3853,5.823856215452421
3854,5.817281985382413
3855,5.809347569780689
3856,5.806324935265748
3857,5.798611171983606
3858,5.797559295172412
3859,5.792040188446963
3860,5.7887936550790755
3861,5.783826459026174
3862,5.775982334942643
3863,5.7712623748924035
3864,5.768434749055834
3865,5.761035794783504
3866,5.752270154690165
3867,5.744965454612393
3868,5.744965454612393
3869,5.73656504952294
3870,5.728686408724758
3871,5.719764239344034
3872,5.718668534332383
3873,5.7135300556569755
3874,5.704205228178365
3875,5.6945630240756975
3876,5.685965953984157
3877,5.683605973959037
3878,5.683605973959037
3879,5.678769758735125
3880,5.6704575138190325
3881,5.662145268902935
3882,5.6542747936467075
3883,5.64854341358569
3884,5.646352003562351
3885,5.639777773492353
3886,5.638429213477979
3887,5.629960256587804
3888,5.622246493305681
3889,5.6216621172994445
3890,5.614357417221673
3891,5.60544568312678
3892,5.597763153734629
3893,5.595949573025671
3894,5.595949573025671
3895,5.591079772973812
3896,5.5871839329323345
3897,5.582126832878474
3898,5.573698332788734
3899,5.56543215936738
3900,5.560887012652325
3901,5.560887012652325
3902,5.5583825440542185
3903,5.5521213725589895
3904,5.5521213725589895
3905,5.5521213725589895
3906,5.5521213725589895
3907,5.548933867070487
3908,5.543355732465653
3909,5.539849476428303
3910,5.534590092372316
3911,5.534590092372316
3912,5.532230112347166
3913,5.523633042255629
3914,5.517058812185642
3915,5.515373112167691
3916,5.508293172092306
3917,5.507084118286323
3918,5.49952753199897
3919,5.49952753199897
3920,5.49952753199897
3921,5.49952753199897
3922,5.497713951289994
3923,5.490761891905633
3924,5.48941333189127
3925,5.481996251812297
3926,5.481996251812297
3927,5.473230611718961
3928,5.473230611718961
3929,5.464830206629508
3930,5.463860444722632
3931,5.4563038584352705
3932,5.455699331532288
3933,5.455699331532288
3934,5.455699331532288
3935,5.455699331532288
3936,5.4479076514493086
3937,5.438168051345614
3938,5.438168051345614
3939,5.437875863342497
3940,5.430571163264713
3941,5.421035209344981
3942,5.420636771158922
3943,5.411871131065604
3944,5.411871131065604
3945,5.405053410993001
3946,5.403105490972267
3947,5.397846106916252
3948,5.39433985087893
3949,5.390108162557993
3950,5.382202810749682
3951,5.376808570692258
3952,5.375460010677893
3953,5.3680429305989215
3954,5.3680429305989215
3955,5.3680429305989215
3956,5.364796397231012
3957,5.359277290505585
3958,5.358370500151102
3959,5.35081391386374
3960,5.3505116504122485
3961,5.3505116504122485
3962,5.3505116504122485
3963,5.3505116504122485
3964,5.3505116504122485
3965,5.3505116504122485
3966,5.3505116504122485
3967,5.3505116504122485
3968,5.3505116504122485
3969,5.3505116504122485
3970,5.3505116504122485
3971,5.3505116504122485
3972,5.3505116504122485
3973,5.3505116504122485
3974,5.3505116504122485
3975,5.3505116504122485
3976,5.3554204088645445
3977,5.370158774759397
3978,5.381016077937064
3979,5.414905391097941
3980,5.43951661135998
3981,5.455699331532288
3982,5.462273561602322
3983,5.487331858825654
3984,5.505371292061222
3985,5.519331385543176
3986,5.528955038026612
3987,5.5440862024734345
3988,5.5521213725589895
3989,5.5521213725589895
3990,5.567148184147586
3991,5.569652652745662
3992,5.582174995736158
3993,5.593392927998452
3994,5.602018093090292
3995,5.614992170469815
3996,5.62699454835624
3997,5.635732093449287
3998,5.643998266870627
3999,5.655685786995064
4000,5.669361808807371
4001,5.6782117339016045
4002,5.688865358015052
4003,5.702598194161279
4004,5.71141421149653
4005,5.719005674335984
4006,5.72743417442573
4007,5.73687409452624
4008,5.744965454612393
4009,5.744965454612393
4010,5.75826504647815
4011,5.768565254863695
4012,5.7712623748924035
4013,5.777523546387656
4014,5.786196428384759
4015,5.796636596215238
4016,5.805959700261878
4017,5.81473994975536
4018,5.8221030874337645
4019,5.823856215452421
4020,5.832271229942032
4021,5.841712148975886
4022,5.849828482395648
4023,5.850153135732431
4024,5.856727365802446
4025,5.865493005895781
4026,5.867684415919104
4027,5.8676844159191335
4028,5.87645005601244
4029,5.878810036037584
4030,5.887029276814752
4031,5.894711806206905
4032,5.90274697629245
4033,5.902746976292456
4034,5.911512616385787
4035,5.911512616385787
4036,5.913930723997745
4037,5.920278256479124
4038,5.920278256479124
4039,5.921008726486921
4040,5.930239211130656
4041,5.937809536665797
4042,5.937809536665797
4043,5.937809536665797
4044,5.938820956676576
4045,5.9472494567663166
4046,5.955340816852469
4047,5.955340816852469
4048,5.955340816852469
4049,5.955340816852469
4050,5.957456661012931
4051,5.964106456945806
4052,5.966560836171959
4053,5.972872097039143
4054,5.972872097039143
4055,5.972872097039143
4056,5.974557797057099
4057,5.981637737132479
4058,5.981637737132479
4059,5.981637737132479
4060,5.981637737132479
4061,5.981637737132479
4062,5.981637737132479
4063,5.981637737132479
4064,5.981637737132479
4065,5.981637737132479
4066,5.981637737132479
4067,5.981637737132479
4068,5.981637737132479
4069,5.981637737132479
4070,5.981637737132479
4071,5.981637737132479
4072,5.966129296967335
4073,5.956689376866813
4074,5.940000946689089
4075,5.9235247898470185
